9,9,ok
20,20,ok
13,13,ok
13,13,ok
13,13,ok
13,13,ok
13,13,ok
13,20,wrong
13,13,ok
13,13,ok
13,13,ok
13,13,ok
13,13,ok
20,20,ok
13,13,ok
21,21,ok
13,13,ok
13,13,ok
13,13,ok
13,13,ok
18,18,ok
18,18,ok
18,18,ok
13,13,ok
13,13,ok
13,13,ok
13,13,ok
13,13,ok
13,13,ok
13,13,ok
13,13,ok
13,13,ok
13,13,ok
13,13,ok
13,13,ok
13,13,ok
13,13,ok
13,13,ok
13,13,ok
13,13,ok
13,13,ok
13,13,ok
13,13,ok
21,21,ok
21,21,ok
21,21,ok
21,21,ok
21,21,ok
21,21,ok
21,21,ok
21,21,ok
21,21,ok
21,21,ok
21,21,ok
21,21,ok
21,21,ok
21,21,ok
21,21,ok
21,21,ok
21,21,ok
21,21,ok
21,21,ok
21,21,ok
10,10,ok
10,10,ok
10,10,ok
10,10,ok
10,10,ok
11,2,wrong
6,6,ok
6,6,ok
6,6,ok
6,6,ok
6,6,ok
6,6,ok
6,6,ok
6,6,ok
6,6,ok
6,6,ok
6,6,ok
14,6,wrong
6,6,ok
2,2,ok
2,2,ok
2,2,ok
2,2,ok
2,2,ok
2,2,ok
2,2,ok
2,2,ok
2,2,ok
2,2,ok
2,2,ok
2,2,ok
2,2,ok
2,2,ok
2,2,ok
2,2,ok
2,2,ok
2,2,ok
2,2,ok
2,2,ok
18,18,ok
13,13,ok
13,13,ok
20,20,ok
13,13,ok
13,13,ok
18,18,ok
13,13,ok
13,13,ok
10,10,ok
13,13,ok
13,13,ok
13,13,ok
13,13,ok
13,13,ok
13,13,ok
13,13,ok
13,13,ok
18,18,ok
13,13,ok
13,13,ok
13,13,ok
13,13,ok
13,13,ok
13,13,ok
13,13,ok
13,13,ok
13,13,ok
13,13,ok
13,13,ok
13,13,ok
13,13,ok
13,13,ok
13,13,ok
13,13,ok
13,13,ok
13,13,ok
13,13,ok
13,13,ok
13,13,ok
9,9,ok
13,13,ok
13,13,ok
13,13,ok
10,10,ok
13,13,ok
13,13,ok
10,10,ok
9,9,ok
13,13,ok
13,13,ok
10,10,ok
10,10,ok
10,10,ok
13,13,ok
13,13,ok
10,10,ok
10,10,ok
10,10,ok
9,9,ok
20,10,wrong
30,30,ok
7,30,wrong
8,30,wrong
30,30,ok
13,30,wrong
30,30,ok
7,30,wrong
20,30,wrong
30,30,ok
30,30,ok
30,30,ok
30,30,ok
10,30,wrong
30,30,ok
13,13,ok
13,13,ok
13,13,ok
13,13,ok
13,13,ok
13,13,ok
13,13,ok
13,13,ok
13,13,ok
13,13,ok
13,13,ok
13,13,ok
13,13,ok
13,13,ok
13,13,ok
13,13,ok
13,13,ok
13,13,ok
13,13,ok
13,13,ok
13,13,ok
13,13,ok
13,13,ok
13,13,ok
13,13,ok
13,13,ok
13,13,ok
13,13,ok
9,9,ok
13,13,ok
13,13,ok
30,13,wrong
13,13,ok
13,13,ok
13,13,ok
13,13,ok
9,9,ok
13,13,ok
13,13,ok
9,9,ok
8,8,ok
18,18,ok
29,29,ok
13,29,wrong
13,13,ok
13,13,ok
6,5,wrong
13,13,ok
13,13,ok
13,13,ok
13,13,ok
13,13,ok
13,13,ok
13,13,ok
13,13,ok
13,13,ok
13,13,ok
13,13,ok
13,13,ok
13,13,ok
13,13,ok
13,13,ok
13,13,ok
13,13,ok
13,13,ok
13,13,ok
13,13,ok
20,20,ok
25,25,ok
20,20,ok
20,25,wrong
20,20,ok
21,20,wrong
25,20,wrong
25,25,ok
20,20,ok
20,20,ok
25,25,ok
20,20,ok
20,20,ok
25,25,ok
20,20,ok
20,20,ok
25,20,wrong
20,20,ok
21,21,ok
30,20,wrong
6,6,ok
6,6,ok
6,6,ok
6,6,ok
6,6,ok
2,6,wrong
13,13,ok
13,13,ok
13,13,ok
13,13,ok
13,13,ok
13,13,ok
13,13,ok
13,13,ok
13,13,ok
13,13,ok
13,13,ok
13,13,ok
13,13,ok
13,13,ok
13,13,ok
13,13,ok
13,13,ok
13,13,ok
13,13,ok
13,13,ok
13,13,ok
13,13,ok
13,13,ok
13,13,ok
13,13,ok
13,13,ok
13,13,ok
13,13,ok
13,13,ok
13,13,ok
13,13,ok
13,13,ok
13,13,ok
13,13,ok
13,13,ok
13,13,ok
13,13,ok
13,13,ok
13,13,ok
13,13,ok
13,18,wrong
13,13,ok
13,13,ok
13,13,ok
9,9,ok
13,13,ok
13,13,ok
13,13,ok
13,13,ok
13,13,ok
13,13,ok
13,13,ok
13,13,ok
13,13,ok
13,13,ok
13,13,ok
13,13,ok
13,13,ok
13,13,ok
13,13,ok
13,13,ok
6,6,ok
13,13,ok
13,13,ok
13,13,ok
13,13,ok
13,13,ok
13,13,ok
13,13,ok
13,13,ok
13,13,ok
13,13,ok
13,13,ok
13,13,ok
13,13,ok
13,13,ok
13,13,ok
13,13,ok
13,13,ok
13,13,ok
13,13,ok
13,13,ok
11,11,ok
33,11,wrong
20,20,ok
20,20,ok
20,20,ok
20,20,ok
11,11,ok
11,11,ok
11,11,ok
11,11,ok
11,11,ok
11,11,ok
11,11,ok
11,11,ok
11,11,ok
11,11,ok
11,11,ok
11,11,ok
11,11,ok
11,11,ok
11,11,ok
11,11,ok
11,11,ok
13,13,ok
13,13,ok
13,13,ok
20,13,wrong
3,4,wrong
11,11,ok
11,11,ok
11,11,ok
11,11,ok
11,11,ok
11,11,ok
11,11,ok
11,11,ok
11,11,ok
11,11,ok
11,11,ok
11,11,ok
11,11,ok
11,11,ok
11,11,ok
11,11,ok
11,11,ok
11,11,ok
11,11,ok
11,11,ok
13,13,ok
13,13,ok
13,13,ok
13,13,ok
13,13,ok
13,13,ok
13,13,ok
13,13,ok
13,13,ok
13,13,ok
13,13,ok
13,13,ok
13,13,ok
13,13,ok
13,13,ok
13,13,ok
13,13,ok
13,13,ok
13,13,ok
13,13,ok
20,10,wrong
20,20,ok
10,10,ok
20,20,ok
20,20,ok
0,5,wrong
11,11,ok
20,20,ok
10,10,ok
20,20,ok
20,20,ok
10,10,ok
10,10,ok
20,20,ok
20,20,ok
20,20,ok
20,20,ok
20,20,ok
10,10,ok
20,20,ok
20,20,ok
10,10,ok
20,20,ok
20,20,ok
20,20,ok
10,10,ok
20,20,ok
7,14,wrong
29,8,wrong
2,2,ok
3,2,wrong
13,13,ok
10,10,ok
13,13,ok
13,13,ok
13,13,ok
13,13,ok
13,13,ok
18,18,ok
13,13,ok
13,13,ok
18,19,wrong
13,13,ok
20,20,ok
13,13,ok
13,13,ok
13,13,ok
13,13,ok
18,18,ok
13,13,ok
13,13,ok
20,20,ok
4,4,ok
4,4,ok
4,4,ok
4,4,ok
4,4,ok
14,14,ok
20,20,ok
8,8,ok
10,18,wrong
8,8,ok
8,8,ok
18,18,ok
20,10,wrong
10,10,ok
8,8,ok
13,8,wrong
8,8,ok
8,8,ok
8,8,ok
8,8,ok
8,8,ok
10,13,wrong
8,8,ok
8,8,ok
8,8,ok
6,8,wrong
8,8,ok
3,3,ok
9,9,ok
13,13,ok
13,13,ok
13,13,ok
13,13,ok
13,13,ok
13,13,ok
13,13,ok
19,19,ok
18,18,ok
29,16,wrong
20,18,wrong
14,16,wrong
30,30,ok
13,13,ok
13,13,ok
13,13,ok
13,13,ok
13,13,ok
13,13,ok
13,13,ok
13,13,ok
13,13,ok
13,13,ok
13,13,ok
13,13,ok
13,13,ok
13,13,ok
13,13,ok
13,13,ok
13,13,ok
13,13,ok
13,13,ok
13,13,ok
13,13,ok
13,13,ok
16,16,ok
16,16,ok
16,16,ok
30,16,wrong
13,13,ok
13,13,ok
20,20,ok
20,20,ok
20,20,ok
13,13,ok
13,13,ok
13,13,ok
13,13,ok
21,21,ok
13,8,wrong
13,13,ok
13,20,wrong
20,10,wrong
21,21,ok
14,20,wrong
20,13,wrong
13,20,wrong
13,20,wrong
13,13,ok
13,13,ok
13,13,ok
13,13,ok
13,13,ok
13,13,ok
13,13,ok
13,13,ok
13,13,ok
13,13,ok
13,13,ok
13,13,ok
13,13,ok
13,13,ok
13,13,ok
13,13,ok
13,13,ok
13,13,ok
13,13,ok
13,13,ok
13,13,ok
34,34,ok
13,13,ok
13,13,ok
13,13,ok
13,13,ok
13,13,ok
13,13,ok
13,13,ok
13,13,ok
13,13,ok
13,13,ok
13,13,ok
13,13,ok
13,13,ok
13,13,ok
13,13,ok
13,13,ok
13,13,ok
15,27,wrong
30,27,wrong
13,13,ok
13,13,ok
13,13,ok
13,13,ok
13,13,ok
13,13,ok
13,13,ok
13,13,ok
13,13,ok
13,13,ok
13,13,ok
13,13,ok
13,13,ok
13,13,ok
13,13,ok
13,13,ok
13,13,ok
13,13,ok
13,13,ok
13,13,ok
13,13,ok
13,13,ok
13,13,ok
13,13,ok
13,13,ok
13,13,ok
13,13,ok
13,13,ok
13,13,ok
13,13,ok
13,13,ok
13,13,ok
13,13,ok
13,13,ok
13,13,ok
13,13,ok
13,13,ok
13,13,ok
13,13,ok
13,13,ok
12,12,ok
19,20,wrong
14,6,wrong
12,12,ok
3,11,wrong
22,13,wrong
8,8,ok
12,12,ok
20,11,wrong
12,12,ok
14,11,wrong
12,12,ok
12,12,ok
12,12,ok
8,8,ok
12,12,ok
13,11,wrong
3,4,wrong
13,13,ok
13,13,ok
13,13,ok
13,13,ok
13,13,ok
13,13,ok
13,13,ok
13,13,ok
13,13,ok
13,13,ok
13,13,ok
13,13,ok
13,13,ok
13,13,ok
13,13,ok
13,13,ok
13,13,ok
13,13,ok
13,13,ok
13,13,ok
13,13,ok
13,13,ok
13,13,ok
13,13,ok
13,13,ok
13,13,ok
13,13,ok
13,13,ok
13,13,ok
13,13,ok
13,13,ok
13,13,ok
13,13,ok
13,13,ok
13,13,ok
13,13,ok
13,13,ok
13,13,ok
13,13,ok
13,13,ok
13,13,ok
13,13,ok
13,13,ok
13,13,ok
13,13,ok
13,13,ok
11,4,wrong
3,3,ok
14,14,ok
14,14,ok
14,16,wrong
14,14,ok
14,16,wrong
16,14,wrong
14,14,ok
14,14,ok
4,14,wrong
14,14,ok
22,14,wrong
14,14,ok
14,14,ok
16,14,wrong
14,16,wrong
16,16,ok
14,14,ok
16,14,wrong
14,14,ok
14,14,ok
13,13,ok
13,13,ok
13,13,ok
13,13,ok
30,24,wrong
5,13,wrong
17,23,wrong
16,24,wrong
30,35,wrong
1,0,wrong
24,24,ok
24,24,ok
24,23,wrong
16,24,wrong
29,0,wrong
15,15,ok
24,24,ok
0,0,ok
24,24,ok
24,24,ok
23,24,wrong
24,24,ok
0,24,wrong
33,33,ok
33,33,ok
33,33,ok
33,33,ok
14,33,wrong
33,33,ok
33,33,ok
33,33,ok
33,33,ok
33,33,ok
33,33,ok
33,33,ok
33,33,ok
33,33,ok
33,33,ok
33,33,ok
33,33,ok
14,33,wrong
14,33,wrong
14,33,wrong
3,3,ok
3,3,ok
3,3,ok
20,20,ok
13,30,wrong
13,13,ok
13,13,ok
20,20,ok
13,13,ok
20,20,ok
18,18,ok
13,13,ok
13,13,ok
13,13,ok
13,13,ok
13,13,ok
20,20,ok
20,20,ok
20,20,ok
20,20,ok
10,10,ok
13,13,ok
13,13,ok
13,13,ok
10,10,ok
10,10,ok
13,13,ok
10,10,ok
13,13,ok
13,13,ok
13,13,ok
13,13,ok
13,13,ok
13,13,ok
5,5,ok
13,13,ok
13,13,ok
13,13,ok
13,13,ok
13,13,ok
13,13,ok
13,13,ok
13,13,ok
14,14,ok
14,14,ok
14,14,ok
14,14,ok
14,14,ok
14,14,ok
14,14,ok
14,14,ok
14,14,ok
11,11,ok
14,14,ok
14,14,ok
14,14,ok
14,14,ok
14,14,ok
11,11,ok
14,14,ok
14,14,ok
14,14,ok
14,14,ok
14,14,ok
14,14,ok
14,14,ok
14,14,ok
14,14,ok
25,14,wrong
6,14,wrong
14,14,ok
14,14,ok
14,14,ok
14,14,ok
14,14,ok
14,14,ok
14,14,ok
14,14,ok
14,14,ok
14,14,ok
14,14,ok
14,14,ok
14,14,ok
13,14,wrong
6,14,wrong
14,14,ok
14,14,ok
14,14,ok
14,14,ok
23,25,wrong
13,13,ok
20,20,ok
13,13,ok
21,21,ok
13,13,ok
10,10,ok
11,11,ok
13,13,ok
21,21,ok
12,12,ok
13,13,ok
13,13,ok
10,10,ok
8,8,ok
13,13,ok
13,13,ok
13,13,ok
20,18,wrong
21,20,wrong
13,13,ok
4,11,wrong
3,3,ok
3,3,ok
3,3,ok
3,3,ok
3,3,ok
14,14,ok
33,36,wrong
25,36,wrong
36,36,ok
36,36,ok
36,36,ok
36,36,ok
36,36,ok
36,36,ok
1,1,ok
18,18,ok
18,18,ok
18,18,ok
18,18,ok
18,18,ok
18,18,ok
18,18,ok
18,18,ok
18,18,ok
18,18,ok
18,18,ok
18,18,ok
18,18,ok
18,18,ok
18,18,ok
18,18,ok
18,18,ok
18,18,ok
18,18,ok
13,13,ok
13,13,ok
10,10,ok
21,21,ok
21,21,ok
13,13,ok
13,13,ok
13,13,ok
13,13,ok
13,13,ok
13,13,ok
21,21,ok
13,13,ok
21,21,ok
13,13,ok
13,13,ok
13,13,ok
13,13,ok
13,13,ok
13,13,ok
13,13,ok
13,13,ok
13,13,ok
13,13,ok
13,13,ok
13,13,ok
13,13,ok
13,13,ok
13,13,ok
13,13,ok
13,13,ok
13,13,ok
13,13,ok
13,13,ok
13,13,ok
13,13,ok
13,13,ok
13,13,ok
13,13,ok
13,13,ok
13,13,ok
16,18,wrong
12,12,ok
13,13,ok
13,13,ok
13,13,ok
13,13,ok
13,13,ok
13,13,ok
10,10,ok
18,18,ok
13,13,ok
13,13,ok
13,13,ok
18,5,wrong
13,13,ok
13,13,ok
13,13,ok
13,13,ok
13,13,ok
14,14,ok
13,13,ok
13,13,ok
13,13,ok
13,13,ok
13,13,ok
13,13,ok
13,13,ok
13,13,ok
13,13,ok
13,13,ok
13,13,ok
13,13,ok
13,13,ok
13,13,ok
13,13,ok
13,13,ok
13,13,ok
13,13,ok
13,13,ok
13,13,ok
13,13,ok
13,13,ok
13,13,ok
13,13,ok
13,13,ok
13,13,ok
13,13,ok
13,13,ok
13,13,ok
13,13,ok
13,13,ok
13,13,ok
13,13,ok
13,13,ok
13,13,ok
13,13,ok
13,13,ok
13,13,ok
13,13,ok
6,6,ok
2,6,wrong
6,6,ok
6,6,ok
6,6,ok
6,6,ok
6,6,ok
2,6,wrong
14,6,wrong
13,13,ok
13,13,ok
10,10,ok
9,9,ok
13,13,ok
13,13,ok
13,13,ok
20,20,ok
13,13,ok
16,13,wrong
13,13,ok
13,13,ok
8,18,wrong
14,14,ok
21,21,ok
13,13,ok
13,13,ok
13,13,ok
13,13,ok
13,13,ok
13,13,ok
13,13,ok
13,13,ok
13,13,ok
13,13,ok
12,12,ok
14,20,wrong
13,13,ok
13,13,ok
13,13,ok
13,13,ok
12,12,ok
13,13,ok
13,13,ok
13,13,ok
13,13,ok
10,10,ok
13,13,ok
13,13,ok
9,9,ok
13,13,ok
13,13,ok
13,13,ok
9,9,ok
13,13,ok
13,13,ok
13,13,ok
10,10,ok
13,13,ok
13,13,ok
13,13,ok
13,13,ok
15,15,ok
13,13,ok
13,13,ok
20,20,ok
20,20,ok
13,13,ok
13,13,ok
13,13,ok
13,13,ok
13,13,ok
13,13,ok
13,13,ok
13,13,ok
13,13,ok
13,13,ok
13,13,ok
13,13,ok
13,13,ok
13,13,ok
13,13,ok
21,30,wrong
13,13,ok
10,10,ok
13,13,ok
13,13,ok
13,13,ok
13,13,ok
20,15,wrong
13,13,ok
11,11,ok
20,20,ok
13,13,ok
10,10,ok
13,13,ok
13,13,ok
16,20,wrong
10,10,ok
13,13,ok
13,13,ok
13,13,ok
21,21,ok
13,13,ok
10,10,ok
13,13,ok
18,18,ok
13,9,wrong
13,13,ok
13,13,ok
5,5,ok
20,20,ok
13,13,ok
13,13,ok
13,13,ok
13,13,ok
13,13,ok
13,13,ok
13,13,ok
13,13,ok
13,13,ok
13,13,ok
13,13,ok
13,13,ok
18,18,ok
18,18,ok
18,18,ok
18,18,ok
18,18,ok
18,18,ok
18,18,ok
18,18,ok
18,18,ok
18,18,ok
18,18,ok
18,18,ok
18,18,ok
18,18,ok
18,18,ok
18,18,ok
18,18,ok
18,18,ok
18,18,ok
18,18,ok
21,21,ok
13,13,ok
21,21,ok
13,13,ok
13,13,ok
13,13,ok
10,10,ok
13,13,ok
13,13,ok
13,13,ok
13,13,ok
13,13,ok
20,20,ok
13,13,ok
13,13,ok
13,13,ok
13,13,ok
13,13,ok
13,13,ok
13,13,ok
13,13,ok
13,13,ok
13,13,ok
13,13,ok
10,10,ok
20,18,wrong
13,13,ok
13,13,ok
13,13,ok
13,13,ok
8,8,ok
13,13,ok
10,10,ok
13,13,ok
10,10,ok
13,13,ok
13,13,ok
13,13,ok
13,13,ok
13,13,ok
13,13,ok
13,13,ok
13,13,ok
13,13,ok
13,13,ok
13,13,ok
13,13,ok
13,13,ok
13,13,ok
13,13,ok
13,13,ok
13,13,ok
13,13,ok
13,13,ok
13,13,ok
13,13,ok
13,13,ok
13,13,ok
13,13,ok
13,13,ok
13,13,ok
13,13,ok
13,13,ok
13,13,ok
13,13,ok
10,10,ok
13,13,ok
13,13,ok
10,10,ok
13,13,ok
13,13,ok
13,13,ok
13,13,ok
13,13,ok
13,13,ok
13,13,ok
13,13,ok
13,13,ok
13,13,ok
13,13,ok
13,13,ok
13,13,ok
13,13,ok
13,13,ok
13,13,ok
13,13,ok
20,20,ok
13,13,ok
13,13,ok
13,13,ok
21,20,wrong
10,10,ok
20,20,ok
13,13,ok
13,13,ok
10,10,ok
13,13,ok
20,20,ok
21,21,ok
13,13,ok
13,13,ok
20,20,ok
13,13,ok
13,13,ok
13,13,ok
13,13,ok
13,13,ok
13,13,ok
13,13,ok
13,13,ok
13,13,ok
13,13,ok
13,13,ok
13,13,ok
13,13,ok
13,13,ok
13,13,ok
13,13,ok
13,13,ok
13,13,ok
8,8,ok
13,13,ok
13,13,ok
13,13,ok
13,13,ok
13,13,ok
13,13,ok
13,13,ok
13,13,ok
13,13,ok
13,13,ok
20,20,ok
13,13,ok
13,13,ok
13,13,ok
13,13,ok
13,13,ok
13,13,ok
13,13,ok
13,13,ok
13,13,ok
13,13,ok
13,13,ok
13,13,ok
13,13,ok
13,13,ok
13,13,ok
13,13,ok
13,13,ok
13,13,ok
13,13,ok
13,13,ok
13,13,ok
13,13,ok
13,13,ok
13,13,ok
13,13,ok
13,13,ok
13,13,ok
13,13,ok
13,13,ok
13,13,ok
13,13,ok
13,13,ok
13,13,ok
13,13,ok
13,13,ok
13,13,ok
13,13,ok
13,13,ok
13,13,ok
13,13,ok
10,10,ok
13,13,ok
13,13,ok
13,13,ok
9,9,ok
13,13,ok
13,13,ok
13,13,ok
13,13,ok
13,13,ok
13,13,ok
13,13,ok
13,13,ok
13,13,ok
13,13,ok
13,13,ok
13,13,ok
13,13,ok
13,13,ok
13,13,ok
13,13,ok
13,13,ok
13,13,ok
13,13,ok
13,13,ok
13,13,ok
13,13,ok
13,13,ok
16,30,wrong
10,10,ok
21,21,ok
14,10,wrong
13,10,wrong
21,21,ok
10,10,ok
10,10,ok
3,20,wrong
20,20,ok
10,10,ok
21,14,wrong
20,20,ok
20,20,ok
20,20,ok
10,10,ok
21,21,ok
21,21,ok
21,21,ok
21,21,ok
21,21,ok
13,13,ok
21,21,ok
13,13,ok
21,21,ok
10,10,ok
13,13,ok
13,13,ok
10,10,ok
21,21,ok
13,13,ok
13,13,ok
13,13,ok
10,10,ok
10,10,ok
13,13,ok
13,13,ok
21,21,ok
13,13,ok
13,13,ok
10,10,ok
4,4,ok
13,13,ok
13,13,ok
13,13,ok
13,13,ok
13,13,ok
13,13,ok
13,13,ok
13,13,ok
13,13,ok
13,13,ok
13,13,ok
13,13,ok
13,13,ok
9,9,ok
13,13,ok
10,10,ok
13,13,ok
13,13,ok
13,5,wrong
4,4,ok
18,18,ok
18,18,ok
18,18,ok
18,18,ok
18,18,ok
18,18,ok
18,18,ok
18,18,ok
18,18,ok
18,18,ok
18,18,ok
13,13,ok
13,13,ok
13,13,ok
13,13,ok
13,13,ok
13,13,ok
13,13,ok
13,13,ok
13,13,ok
4,4,ok
13,13,ok
11,10,wrong
12,11,wrong
13,13,ok
13,13,ok
13,13,ok
13,13,ok
13,13,ok
13,13,ok
13,13,ok
13,13,ok
13,13,ok
13,13,ok
13,13,ok
13,13,ok
13,13,ok
13,13,ok
13,13,ok
13,13,ok
13,13,ok
13,13,ok
13,13,ok
13,13,ok
13,13,ok
13,13,ok
13,13,ok
13,13,ok
13,13,ok
13,13,ok
13,13,ok
13,13,ok
4,4,ok
10,10,ok
13,13,ok
20,20,ok
10,10,ok
13,13,ok
10,10,ok
10,20,wrong
13,13,ok
16,16,ok
12,12,ok
13,13,ok
13,13,ok
21,30,wrong
13,13,ok
14,14,ok
13,13,ok
13,13,ok
13,13,ok
13,13,ok
13,13,ok
13,13,ok
13,13,ok
13,13,ok
13,13,ok
13,13,ok
13,13,ok
13,13,ok
13,13,ok
13,13,ok
13,13,ok
13,13,ok
13,13,ok
13,13,ok
13,13,ok
13,13,ok
13,13,ok
13,13,ok
13,13,ok
13,13,ok
13,13,ok
13,13,ok
13,13,ok
13,13,ok
13,13,ok
13,13,ok
14,21,wrong
9,9,ok
13,13,ok
13,13,ok
13,13,ok
13,13,ok
13,13,ok
13,13,ok
13,13,ok
13,13,ok
13,13,ok
13,13,ok
13,13,ok
10,10,ok
13,13,ok
13,13,ok
13,13,ok
20,20,ok
19,16,wrong
13,13,ok
13,13,ok
13,13,ok
13,13,ok
13,13,ok
13,13,ok
13,13,ok
13,13,ok
12,12,ok
20,20,ok
13,13,ok
10,10,ok
20,20,ok
13,13,ok
13,13,ok
13,13,ok
13,13,ok
13,13,ok
13,13,ok
10,10,ok
13,13,ok
13,13,ok
13,13,ok
13,13,ok
13,13,ok
13,13,ok
13,13,ok
13,13,ok
13,13,ok
9,9,ok
12,12,ok
13,13,ok
13,13,ok
20,20,ok
13,13,ok
20,20,ok
8,8,ok
13,13,ok
13,13,ok
13,13,ok
13,13,ok
13,13,ok
13,13,ok
13,13,ok
13,13,ok
13,13,ok
13,13,ok
10,10,ok
21,21,ok
21,21,ok
13,13,ok
13,13,ok
13,13,ok
13,13,ok
13,13,ok
13,13,ok
13,13,ok
13,13,ok
13,13,ok
13,13,ok
13,13,ok
13,13,ok
13,10,wrong
13,13,ok
13,13,ok
18,13,wrong
13,13,ok
13,13,ok
13,13,ok
13,13,ok
13,13,ok
13,13,ok
13,13,ok
13,13,ok
13,13,ok
13,13,ok
13,13,ok
13,13,ok
13,13,ok
13,13,ok
13,13,ok
13,13,ok
13,13,ok
10,10,ok
13,13,ok
13,13,ok
10,10,ok
13,13,ok
13,13,ok
13,13,ok
18,18,ok
13,13,ok
13,13,ok
13,13,ok
13,13,ok
13,13,ok
13,13,ok
13,13,ok
13,10,wrong
13,13,ok
13,13,ok
10,13,wrong
13,13,ok
20,14,wrong
13,13,ok
13,13,ok
13,13,ok
13,13,ok
13,13,ok
13,13,ok
13,13,ok
20,20,ok
13,13,ok
13,13,ok
13,13,ok
13,13,ok
13,13,ok
13,13,ok
13,13,ok
13,13,ok
13,13,ok
13,13,ok
13,13,ok
13,13,ok
13,13,ok
13,13,ok
10,10,ok
13,13,ok
13,13,ok
13,13,ok
13,13,ok
13,13,ok
13,13,ok
13,13,ok
13,13,ok
13,13,ok
34,8,wrong
10,10,ok
13,13,ok
13,13,ok
13,13,ok
13,13,ok
20,13,wrong
13,13,ok
13,13,ok
13,13,ok
13,13,ok
13,13,ok
8,8,ok
13,13,ok
13,13,ok
13,13,ok
10,10,ok
13,13,ok
13,13,ok
21,21,ok
13,13,ok
10,10,ok
13,13,ok
13,13,ok
13,13,ok
13,13,ok
13,13,ok
13,13,ok
13,13,ok
13,13,ok
13,13,ok
13,13,ok
13,13,ok
13,13,ok
13,13,ok
13,13,ok
13,13,ok
20,20,ok
13,13,ok
13,13,ok
13,13,ok
13,13,ok
13,13,ok
13,13,ok
13,13,ok
13,13,ok
13,13,ok
13,13,ok
13,13,ok
13,13,ok
13,13,ok
13,13,ok
13,13,ok
13,13,ok
13,13,ok
13,13,ok
13,13,ok
13,13,ok
13,13,ok
13,13,ok
13,13,ok
13,13,ok
13,13,ok
13,13,ok
13,13,ok
13,13,ok
13,13,ok
13,13,ok
13,13,ok
13,13,ok
13,13,ok
13,13,ok
13,13,ok
13,13,ok
13,13,ok
13,13,ok
13,13,ok
13,13,ok
13,13,ok
13,13,ok
13,13,ok
13,13,ok
13,13,ok
13,13,ok
13,13,ok
13,13,ok
13,13,ok
13,13,ok
13,13,ok
13,13,ok
13,13,ok
13,13,ok
13,13,ok
13,13,ok
13,13,ok
13,13,ok
13,13,ok
13,13,ok
13,13,ok
13,13,ok
13,13,ok
13,13,ok
12,12,ok
21,21,ok
13,13,ok
13,13,ok
13,13,ok
13,13,ok
13,13,ok
13,13,ok
13,13,ok
13,13,ok
13,13,ok
13,13,ok
13,13,ok
13,13,ok
13,13,ok
13,13,ok
11,8,wrong
18,18,ok
18,18,ok
18,18,ok
18,18,ok
18,18,ok
13,13,ok
13,13,ok
13,13,ok
13,13,ok
13,13,ok
13,13,ok
13,13,ok
13,13,ok
13,13,ok
13,13,ok
13,13,ok
13,13,ok
13,13,ok
13,13,ok
13,13,ok
13,13,ok
13,13,ok
13,13,ok
13,13,ok
13,13,ok
13,13,ok
13,13,ok
13,13,ok
13,13,ok
13,13,ok
13,13,ok
13,13,ok
9,9,ok
13,13,ok
13,13,ok
13,13,ok
13,13,ok
13,13,ok
13,13,ok
13,13,ok
13,13,ok
13,13,ok
13,13,ok
13,13,ok
13,13,ok
13,13,ok
13,13,ok
13,13,ok
13,13,ok
13,13,ok
13,13,ok
13,13,ok
13,13,ok
13,13,ok
13,13,ok
13,13,ok
13,13,ok
13,13,ok
13,13,ok
13,13,ok
13,13,ok
9,9,ok
13,13,ok
9,9,ok
13,13,ok
13,13,ok
13,13,ok
13,13,ok
13,13,ok
10,10,ok
10,10,ok
13,13,ok
10,10,ok
13,13,ok
13,13,ok
13,13,ok
13,13,ok
13,13,ok
20,20,ok
13,13,ok
13,13,ok
13,13,ok
13,13,ok
13,13,ok
13,13,ok
13,13,ok
13,13,ok
13,13,ok
13,13,ok
13,13,ok
13,9,wrong
13,13,ok
13,13,ok
13,13,ok
13,13,ok
13,9,wrong
13,13,ok
21,21,ok
13,30,wrong
9,13,wrong
20,25,wrong
5,5,ok
13,13,ok
13,13,ok
13,13,ok
13,13,ok
13,13,ok
13,13,ok
13,13,ok
13,13,ok
13,13,ok
13,13,ok
13,13,ok
13,13,ok
13,13,ok
13,13,ok
13,13,ok
13,13,ok
13,13,ok
13,13,ok
13,13,ok
13,13,ok
13,13,ok
13,13,ok
10,10,ok
13,13,ok
13,13,ok
13,13,ok
13,13,ok
13,13,ok
21,21,ok
13,13,ok
10,10,ok
12,12,ok
13,13,ok
20,20,ok
9,9,ok
13,13,ok
10,10,ok
13,13,ok
13,13,ok
21,21,ok
13,13,ok
13,13,ok
13,13,ok
13,13,ok
13,13,ok
13,13,ok
13,13,ok
13,13,ok
13,13,ok
13,13,ok
13,13,ok
13,13,ok
13,13,ok
13,13,ok
13,13,ok
13,13,ok
13,13,ok
13,13,ok
13,13,ok
13,13,ok
13,13,ok
13,13,ok
13,13,ok
13,13,ok
13,13,ok
13,13,ok
13,13,ok
13,13,ok
13,13,ok
13,13,ok
13,13,ok
13,13,ok
13,13,ok
13,13,ok
13,13,ok
13,13,ok
13,13,ok
13,13,ok
13,13,ok
13,13,ok
13,13,ok
13,13,ok
13,13,ok
13,13,ok
13,13,ok
13,13,ok
13,13,ok
13,13,ok
13,13,ok
13,13,ok
13,13,ok
13,13,ok
13,13,ok
13,13,ok
13,13,ok
13,13,ok
13,13,ok
13,13,ok
13,13,ok
13,13,ok
13,13,ok
13,13,ok
13,13,ok
14,14,ok
13,13,ok
13,13,ok
13,13,ok
13,13,ok
13,13,ok
10,10,ok
13,13,ok
13,13,ok
13,13,ok
13,13,ok
13,13,ok
13,13,ok
13,13,ok
13,13,ok
13,13,ok
13,13,ok
13,13,ok
13,13,ok
13,13,ok
13,13,ok
13,13,ok
13,13,ok
10,10,ok
13,13,ok
13,13,ok
13,13,ok
13,13,ok
13,13,ok
10,10,ok
13,13,ok
13,13,ok
13,13,ok
13,13,ok
13,13,ok
13,13,ok
10,10,ok
13,13,ok
21,21,ok
13,13,ok
10,10,ok
13,13,ok
10,10,ok
13,13,ok
13,13,ok
13,13,ok
13,13,ok
13,13,ok
13,13,ok
13,13,ok
13,13,ok
13,13,ok
20,16,wrong
20,25,wrong
13,13,ok
13,13,ok
20,13,wrong
13,13,ok
13,13,ok
20,16,wrong
13,13,ok
13,13,ok
13,13,ok
13,13,ok
13,13,ok
20,20,ok
13,13,ok
13,13,ok
13,13,ok
10,10,ok
13,13,ok
13,13,ok
12,11,wrong
13,13,ok
13,13,ok
13,13,ok
13,13,ok
13,13,ok
13,13,ok
13,13,ok
13,13,ok
6,12,wrong
13,13,ok
13,13,ok
13,13,ok
13,13,ok
13,13,ok
13,13,ok
13,13,ok
13,13,ok
13,13,ok
13,13,ok
13,13,ok
13,13,ok
13,13,ok
13,13,ok
13,13,ok
13,13,ok
13,13,ok
13,13,ok
13,13,ok
13,13,ok
13,13,ok
13,13,ok
13,13,ok
13,13,ok
18,18,ok
13,13,ok
13,13,ok
13,13,ok
13,13,ok
13,13,ok
13,13,ok
13,13,ok
13,13,ok
13,13,ok
13,13,ok
13,13,ok
13,13,ok
13,13,ok
9,9,ok
13,13,ok
13,13,ok
13,13,ok
13,13,ok
30,20,wrong
13,13,ok
13,13,ok
13,13,ok
13,13,ok
13,13,ok
13,13,ok
13,13,ok
13,13,ok
13,13,ok
13,13,ok
13,13,ok
13,13,ok
13,13,ok
13,13,ok
13,13,ok
13,13,ok
13,13,ok
13,13,ok
13,13,ok
13,13,ok
0,0,ok
13,13,ok
13,13,ok
20,21,wrong
13,13,ok
13,13,ok
13,13,ok
13,13,ok
18,18,ok
18,18,ok
10,10,ok
20,20,ok
18,18,ok
13,13,ok
13,13,ok
13,13,ok
13,13,ok
13,13,ok
13,13,ok
13,13,ok
13,13,ok
13,13,ok
20,20,ok
13,13,ok
13,13,ok
21,21,ok
25,25,ok
13,13,ok
13,13,ok
13,13,ok
13,13,ok
13,13,ok
12,12,ok
21,21,ok
10,10,ok
13,13,ok
13,13,ok
13,13,ok
13,13,ok
13,13,ok
13,13,ok
13,13,ok
13,13,ok
13,13,ok
13,13,ok
13,13,ok
13,13,ok
13,13,ok
13,13,ok
13,13,ok
13,13,ok
13,13,ok
13,13,ok
13,13,ok
13,13,ok
13,13,ok
13,13,ok
13,13,ok
13,13,ok
13,13,ok
13,13,ok
13,13,ok
13,13,ok
13,13,ok
13,13,ok
13,13,ok
13,13,ok
13,13,ok
13,13,ok
13,13,ok
13,13,ok
13,13,ok
13,13,ok
13,13,ok
13,13,ok
13,13,ok
13,13,ok
13,13,ok
10,10,ok
13,13,ok
13,13,ok
18,18,ok
13,13,ok
13,13,ok
18,20,wrong
20,20,ok
10,13,wrong
10,10,ok
13,13,ok
10,10,ok
13,13,ok
13,13,ok
18,18,ok
13,13,ok
13,13,ok
21,21,ok
13,13,ok
10,10,ok
13,13,ok
13,13,ok
8,4,wrong
13,13,ok
13,13,ok
13,13,ok
10,10,ok
10,10,ok
13,13,ok
13,13,ok
10,10,ok
13,13,ok
13,13,ok
10,10,ok
13,13,ok
13,13,ok
13,13,ok
13,13,ok
10,10,ok
10,10,ok
13,13,ok
21,21,ok
11,11,ok
18,10,wrong
18,18,ok
20,20,ok
11,11,ok
20,20,ok
13,13,ok
10,10,ok
13,13,ok
13,4,wrong
10,10,ok
13,13,ok
13,13,ok
10,10,ok
10,10,ok
25,25,ok
13,13,ok
13,13,ok
20,20,ok
13,13,ok
20,20,ok
9,9,ok
13,13,ok
13,13,ok
13,13,ok
13,13,ok
13,13,ok
18,18,ok
13,13,ok
13,13,ok
25,25,ok
13,13,ok
13,13,ok
13,13,ok
13,13,ok
20,20,ok
13,13,ok
13,13,ok
13,13,ok
13,13,ok
13,13,ok
13,13,ok
13,13,ok
13,13,ok
13,13,ok
13,13,ok
13,13,ok
13,13,ok
13,13,ok
13,13,ok
13,13,ok
13,13,ok
18,18,ok
13,13,ok
13,13,ok
13,13,ok
13,13,ok
13,13,ok
13,13,ok
13,13,ok
13,13,ok
13,13,ok
13,13,ok
13,13,ok
13,13,ok
13,13,ok
13,13,ok
13,13,ok
13,13,ok
13,13,ok
13,13,ok
13,13,ok
20,20,ok
13,13,ok
13,13,ok
13,13,ok
13,13,ok
9,9,ok
13,13,ok
13,13,ok
13,13,ok
13,13,ok
13,13,ok
13,13,ok
13,13,ok
13,13,ok
9,9,ok
9,9,ok
13,13,ok
13,13,ok
13,13,ok
9,9,ok
13,13,ok
13,13,ok
13,13,ok
9,9,ok
13,13,ok
13,13,ok
18,18,ok
13,13,ok
13,13,ok
10,10,ok
10,10,ok
30,30,ok
10,10,ok
13,13,ok
13,13,ok
13,13,ok
20,20,ok
14,14,ok
20,20,ok
12,12,ok
13,13,ok
13,13,ok
13,13,ok
13,13,ok
13,13,ok
13,13,ok
13,13,ok
13,13,ok
13,13,ok
13,13,ok
13,13,ok
13,13,ok
13,13,ok
13,13,ok
13,13,ok
13,13,ok
13,13,ok
13,13,ok
13,13,ok
13,13,ok
13,13,ok
13,13,ok
13,13,ok
13,13,ok
12,12,ok
13,13,ok
13,13,ok
13,13,ok
13,13,ok
13,13,ok
13,13,ok
13,13,ok
13,13,ok
13,13,ok
13,13,ok
13,13,ok
13,13,ok
13,13,ok
13,13,ok
13,13,ok
13,13,ok
13,13,ok
13,13,ok
13,13,ok
13,13,ok
13,13,ok
13,13,ok
13,13,ok
13,13,ok
13,13,ok
13,13,ok
13,13,ok
13,13,ok
13,13,ok
21,21,ok
13,13,ok
13,13,ok
13,13,ok
13,13,ok
13,13,ok
13,13,ok
13,13,ok
13,13,ok
13,13,ok
13,13,ok
13,13,ok
13,13,ok
13,13,ok
10,10,ok
20,20,ok
10,10,ok
10,10,ok
13,13,ok
13,13,ok
10,10,ok
13,13,ok
13,13,ok
13,13,ok
13,13,ok
20,20,ok
8,8,ok
21,21,ok
10,3,wrong
13,13,ok
13,13,ok
13,13,ok
13,13,ok
13,13,ok
14,14,ok
13,13,ok
13,13,ok
13,13,ok
13,13,ok
13,13,ok
13,13,ok
13,13,ok
13,13,ok
14,14,ok
20,30,wrong
13,13,ok
13,13,ok
13,13,ok
13,13,ok
13,13,ok
13,13,ok
13,13,ok
21,21,ok
13,13,ok
13,13,ok
20,20,ok
13,13,ok
13,13,ok
13,13,ok
13,13,ok
13,13,ok
13,13,ok
20,20,ok
13,13,ok
13,13,ok
13,13,ok
13,13,ok
13,13,ok
13,13,ok
13,13,ok
13,13,ok
13,13,ok
13,13,ok
13,13,ok
13,13,ok
13,13,ok
13,13,ok
13,13,ok
13,13,ok
13,13,ok
13,13,ok
13,13,ok
13,13,ok
13,13,ok
13,13,ok
18,18,ok
13,13,ok
13,13,ok
13,13,ok
13,13,ok
13,13,ok
13,13,ok
13,13,ok
13,13,ok
13,13,ok
13,13,ok
13,13,ok
13,13,ok
13,13,ok
13,13,ok
13,13,ok
13,13,ok
13,13,ok
13,13,ok
13,13,ok
13,13,ok
13,13,ok
13,13,ok
13,13,ok
13,13,ok
13,13,ok
13,13,ok
13,13,ok
13,13,ok
13,13,ok
13,13,ok
13,13,ok
13,13,ok
13,13,ok
13,13,ok
13,13,ok
13,13,ok
13,13,ok
13,13,ok
13,13,ok
13,13,ok
13,13,ok
13,13,ok
13,13,ok
13,13,ok
13,13,ok
13,13,ok
14,14,ok
13,13,ok
16,16,ok
13,13,ok
13,13,ok
13,13,ok
13,13,ok
13,13,ok
13,13,ok
13,13,ok
13,13,ok
13,13,ok
13,13,ok
13,13,ok
13,13,ok
13,13,ok
13,13,ok
13,13,ok
13,13,ok
13,13,ok
13,13,ok
13,13,ok
13,13,ok
13,13,ok
13,13,ok
13,13,ok
13,13,ok
13,13,ok
13,13,ok
13,13,ok
13,13,ok
13,13,ok
13,13,ok
13,13,ok
18,18,ok
18,18,ok
18,18,ok
13,13,ok
13,13,ok
13,13,ok
10,13,wrong
13,13,ok
13,13,ok
13,13,ok
13,13,ok
13,13,ok
13,13,ok
13,13,ok
13,13,ok
13,13,ok
13,13,ok
13,13,ok
13,13,ok
13,13,ok
13,13,ok
13,13,ok
13,13,ok
13,13,ok
13,13,ok
16,20,wrong
20,20,ok
13,13,ok
20,16,wrong
13,13,ok
13,13,ok
13,13,ok
13,13,ok
16,13,wrong
12,12,ok
13,20,wrong
20,20,ok
20,13,wrong
13,13,ok
10,10,ok
21,21,ok
9,9,ok
3,3,ok
13,13,ok
13,13,ok
13,13,ok
13,13,ok
13,13,ok
13,13,ok
13,13,ok
13,13,ok
13,13,ok
13,13,ok
13,13,ok
13,13,ok
13,13,ok
13,13,ok
13,13,ok
13,13,ok
13,13,ok
13,13,ok
13,13,ok
13,13,ok
13,13,ok
13,13,ok
13,13,ok
13,13,ok
13,13,ok
21,21,ok
21,21,ok
20,20,ok
21,21,ok
9,9,ok
13,13,ok
13,13,ok
9,9,ok
13,13,ok
10,10,ok
21,21,ok
20,20,ok
13,13,ok
8,20,wrong
13,13,ok
13,13,ok
13,13,ok
13,13,ok
13,13,ok
13,13,ok
13,13,ok
13,13,ok
13,13,ok
13,13,ok
13,13,ok
13,13,ok
13,13,ok
13,13,ok
13,13,ok
13,13,ok
13,13,ok
13,13,ok
13,13,ok
13,13,ok
13,13,ok
13,13,ok
13,13,ok
13,13,ok
13,13,ok
13,13,ok
13,13,ok
13,13,ok
13,13,ok
13,13,ok
13,13,ok
13,13,ok
13,13,ok
13,13,ok
13,13,ok
6,8,wrong
13,13,ok
13,13,ok
13,13,ok
13,13,ok
13,13,ok
13,13,ok
13,13,ok
13,13,ok
13,13,ok
13,13,ok
13,13,ok
13,13,ok
13,13,ok
13,13,ok
13,13,ok
13,13,ok
13,13,ok
13,13,ok
13,13,ok
13,13,ok
10,10,ok
13,13,ok
13,13,ok
13,13,ok
13,13,ok
13,13,ok
13,13,ok
13,13,ok
13,13,ok
13,13,ok
13,13,ok
13,13,ok
13,13,ok
13,13,ok
13,13,ok
13,13,ok
13,13,ok
13,13,ok
13,13,ok
13,13,ok
13,13,ok
13,13,ok
13,13,ok
13,13,ok
13,13,ok
13,13,ok
13,13,ok
13,13,ok
13,13,ok
13,13,ok
13,13,ok
13,13,ok
13,13,ok
9,9,ok
13,13,ok
13,13,ok
13,13,ok
12,12,ok
13,13,ok
13,13,ok
10,10,ok
13,13,ok
13,13,ok
18,18,ok
13,13,ok
13,13,ok
13,13,ok
20,21,wrong
13,13,ok
13,13,ok
13,13,ok
13,13,ok
21,21,ok
20,21,wrong
13,13,ok
13,13,ok
13,13,ok
13,13,ok
13,13,ok
13,13,ok
13,13,ok
13,13,ok
13,13,ok
21,21,ok
13,13,ok
13,13,ok
13,13,ok
8,11,wrong
13,13,ok
12,12,ok
13,13,ok
13,13,ok
21,21,ok
12,12,ok
13,13,ok
13,13,ok
13,13,ok
10,18,wrong
13,13,ok
13,13,ok
13,13,ok
13,13,ok
12,12,ok
12,12,ok
13,13,ok
13,13,ok
13,20,wrong
13,13,ok
13,13,ok
13,13,ok
13,13,ok
18,18,ok
13,13,ok
13,13,ok
18,18,ok
9,9,ok
8,11,wrong
10,10,ok
13,13,ok
13,13,ok
13,13,ok
18,18,ok
13,13,ok
13,13,ok
13,13,ok
13,13,ok
13,13,ok
13,13,ok
13,13,ok
13,13,ok
13,13,ok
13,13,ok
13,13,ok
13,13,ok
13,13,ok
13,13,ok
13,13,ok
13,13,ok
13,13,ok
13,13,ok
13,13,ok
13,13,ok
13,13,ok
13,13,ok
13,13,ok
10,10,ok
10,10,ok
13,13,ok
18,18,ok
13,13,ok
21,21,ok
18,18,ok
10,10,ok
13,13,ok
18,18,ok
18,18,ok
10,10,ok
10,10,ok
13,13,ok
13,13,ok
18,18,ok
13,13,ok
10,8,wrong
13,20,wrong
18,18,ok
13,13,ok
10,10,ok
13,13,ok
13,13,ok
13,13,ok
13,13,ok
13,13,ok
13,13,ok
13,13,ok
13,13,ok
10,10,ok
13,13,ok
13,13,ok
13,13,ok
13,13,ok
13,13,ok
13,13,ok
13,13,ok
13,13,ok
13,13,ok
13,13,ok
13,13,ok
13,13,ok
13,13,ok
13,13,ok
13,13,ok
13,13,ok
13,13,ok
13,13,ok
13,13,ok
13,13,ok
13,13,ok
13,13,ok
13,13,ok
13,13,ok
13,13,ok
13,13,ok
21,21,ok
13,13,ok
13,13,ok
13,13,ok
13,13,ok
13,13,ok
13,13,ok
13,13,ok
13,13,ok
13,13,ok
13,13,ok
13,13,ok
13,13,ok
13,13,ok
13,13,ok
13,13,ok
13,13,ok
13,13,ok
13,13,ok
13,13,ok
13,13,ok
13,13,ok
13,13,ok
13,13,ok
13,13,ok
13,13,ok
13,13,ok
13,13,ok
13,13,ok
13,13,ok
13,13,ok
13,13,ok
13,13,ok
13,13,ok
13,13,ok
13,13,ok
13,13,ok
13,13,ok
13,13,ok
13,13,ok
13,13,ok
13,13,ok
13,13,ok
13,13,ok
13,13,ok
13,13,ok
13,13,ok
13,13,ok
21,21,ok
13,13,ok
13,13,ok
13,13,ok
13,13,ok
13,13,ok
13,13,ok
13,13,ok
13,13,ok
13,13,ok
13,13,ok
13,13,ok
13,13,ok
13,13,ok
13,13,ok
13,13,ok
10,8,wrong
13,13,ok
13,13,ok
20,14,wrong
13,13,ok
13,13,ok
13,13,ok
13,13,ok
13,13,ok
13,13,ok
13,13,ok
20,20,ok
10,10,ok
13,13,ok
13,13,ok
10,10,ok
20,20,ok
13,13,ok
13,13,ok
13,13,ok
13,13,ok
13,13,ok
13,13,ok
13,13,ok
13,13,ok
13,13,ok
13,13,ok
13,13,ok
13,13,ok
13,13,ok
13,13,ok
13,13,ok
13,13,ok
13,13,ok
13,13,ok
13,13,ok
13,13,ok
13,13,ok
13,13,ok
6,6,ok
13,13,ok
13,13,ok
13,13,ok
6,6,ok
13,13,ok
13,13,ok
13,13,ok
13,13,ok
13,13,ok
13,13,ok
6,6,ok
13,13,ok
13,13,ok
13,13,ok
13,13,ok
13,13,ok
13,13,ok
13,13,ok
13,13,ok
13,13,ok
13,13,ok
13,13,ok
13,13,ok
13,13,ok
13,13,ok
13,13,ok
13,13,ok
13,13,ok
13,13,ok
13,13,ok
13,13,ok
13,13,ok
13,13,ok
13,13,ok
13,13,ok
13,13,ok
13,13,ok
13,13,ok
13,13,ok
13,13,ok
13,13,ok
13,13,ok
13,13,ok
13,13,ok
13,13,ok
13,13,ok
13,13,ok
13,13,ok
13,13,ok
13,13,ok
13,13,ok
13,13,ok
13,13,ok
13,13,ok
13,13,ok
13,13,ok
13,13,ok
13,13,ok
13,13,ok
13,13,ok
13,13,ok
13,13,ok
13,13,ok
13,13,ok
13,13,ok
13,13,ok
13,13,ok
13,13,ok
13,13,ok
13,13,ok
13,13,ok
13,13,ok
13,13,ok
13,13,ok
13,13,ok
13,13,ok
13,13,ok
13,13,ok
13,13,ok
13,13,ok
13,13,ok
13,13,ok
13,13,ok
13,13,ok
13,13,ok
13,13,ok
18,8,wrong
13,13,ok
21,21,ok
21,21,ok
13,13,ok
13,13,ok
13,13,ok
13,13,ok
13,13,ok
13,13,ok
13,13,ok
13,13,ok
13,13,ok
13,13,ok
13,13,ok
13,13,ok
13,13,ok
13,10,wrong
13,13,ok
13,13,ok
13,13,ok
13,13,ok
13,13,ok
13,10,wrong
13,13,ok
13,13,ok
13,13,ok
13,13,ok
13,13,ok
13,13,ok
13,13,ok
13,13,ok
13,13,ok
13,13,ok
13,13,ok
13,13,ok
20,20,ok
10,10,ok
13,13,ok
10,10,ok
10,10,ok
12,10,wrong
5,5,ok
10,10,ok
13,10,wrong
11,12,wrong
13,13,ok
13,13,ok
4,4,ok
13,13,ok
10,10,ok
11,11,ok
8,8,ok
12,12,ok
10,10,ok
10,10,ok
13,13,ok
21,21,ok
13,13,ok
13,13,ok
13,13,ok
5,5,ok
13,13,ok
13,13,ok
13,13,ok
20,20,ok
13,13,ok
8,10,wrong
20,20,ok
21,21,ok
25,25,ok
13,13,ok
13,13,ok
20,20,ok
13,13,ok
18,18,ok
13,13,ok
13,13,ok
13,13,ok
13,13,ok
13,13,ok
13,13,ok
13,13,ok
13,13,ok
13,13,ok
13,13,ok
13,13,ok
13,13,ok
13,13,ok
13,13,ok
13,13,ok
13,13,ok
13,13,ok
13,13,ok
13,13,ok
13,13,ok
16,16,ok
13,13,ok
13,13,ok
10,10,ok
13,13,ok
13,13,ok
13,13,ok
10,10,ok
10,10,ok
9,9,ok
13,13,ok
20,20,ok
20,20,ok
13,13,ok
8,18,wrong
21,21,ok
13,13,ok
13,13,ok
13,13,ok
20,20,ok
13,13,ok
13,13,ok
13,13,ok
13,13,ok
13,13,ok
13,13,ok
13,13,ok
13,13,ok
13,13,ok
13,13,ok
13,13,ok
13,13,ok
13,13,ok
13,13,ok
13,13,ok
13,13,ok
20,20,ok
13,13,ok
13,13,ok
13,13,ok
13,13,ok
13,13,ok
13,13,ok
13,13,ok
13,13,ok
13,13,ok
13,13,ok
13,13,ok
13,13,ok
13,13,ok
13,13,ok
13,13,ok
13,13,ok
13,13,ok
13,13,ok
13,13,ok
13,13,ok
13,13,ok
13,13,ok
13,13,ok
13,13,ok
13,13,ok
13,13,ok
13,13,ok
13,13,ok
13,13,ok
13,13,ok
13,13,ok
13,13,ok
13,13,ok
13,13,ok
9,9,ok
13,13,ok
13,13,ok
13,13,ok
13,13,ok
13,13,ok
13,13,ok
13,13,ok
13,13,ok
13,13,ok
13,13,ok
13,13,ok
13,13,ok
10,10,ok
13,13,ok
10,10,ok
13,13,ok
13,13,ok
13,13,ok
13,13,ok
13,13,ok
13,13,ok
13,13,ok
13,13,ok
13,13,ok
13,13,ok
13,13,ok
13,13,ok
13,13,ok
14,14,ok
22,14,wrong
33,6,wrong
23,23,ok
2,2,ok
11,11,ok
22,23,wrong
2,2,ok
10,10,ok
8,30,wrong
11,17,wrong
8,17,wrong
12,12,ok
12,12,ok
12,12,ok
20,20,ok
21,30,wrong
30,36,wrong
11,11,ok
11,11,ok
11,11,ok
11,11,ok
11,11,ok
11,11,ok
11,11,ok
11,11,ok
11,11,ok
11,11,ok
11,11,ok
11,11,ok
22,11,wrong
11,11,ok
11,11,ok
11,11,ok
11,11,ok
11,11,ok
11,11,ok
11,11,ok
8,8,ok
11,8,wrong
18,18,ok
18,18,ok
4,4,ok
4,4,ok
0,4,wrong
4,4,ok
4,4,ok
4,4,ok
4,4,ok
4,4,ok
4,4,ok
4,4,ok
4,4,ok
3,4,wrong
4,4,ok
4,4,ok
4,4,ok
3,4,wrong
4,4,ok
4,4,ok
4,4,ok
4,4,ok
4,4,ok
10,10,ok
10,10,ok
10,10,ok
10,10,ok
20,10,wrong
10,10,ok
10,10,ok
10,10,ok
10,10,ok
10,10,ok
33,10,wrong
10,10,ok
10,10,ok
13,13,ok
13,13,ok
13,13,ok
13,13,ok
13,13,ok
13,13,ok
13,13,ok
13,13,ok
13,13,ok
13,13,ok
13,13,ok
13,13,ok
13,13,ok
13,13,ok
13,13,ok
13,13,ok
13,13,ok
13,13,ok
13,13,ok
13,13,ok
10,10,ok
10,10,ok
10,10,ok
13,13,ok
13,13,ok
10,10,ok
13,13,ok
13,13,ok
13,13,ok
13,13,ok
13,13,ok
13,13,ok
13,13,ok
13,13,ok
13,13,ok
13,13,ok
13,13,ok
13,13,ok
13,13,ok
13,13,ok
20,13,wrong
22,20,wrong
22,22,ok
22,22,ok
27,27,ok
27,27,ok
27,27,ok
1,27,wrong
27,27,ok
27,27,ok
27,27,ok
1,27,wrong
13,13,ok
13,13,ok
13,13,ok
30,30,ok
13,13,ok
13,13,ok
13,13,ok
13,13,ok
13,13,ok
13,13,ok
13,13,ok
13,13,ok
13,13,ok
13,13,ok
13,13,ok
13,13,ok
30,20,wrong
13,13,ok
30,30,ok
16,3,wrong
11,11,ok
11,14,wrong
11,11,ok
11,11,ok
11,11,ok
11,11,ok
11,11,ok
11,11,ok
11,11,ok
11,11,ok
11,11,ok
11,11,ok
11,11,ok
11,11,ok
11,11,ok
11,11,ok
8,11,wrong
11,11,ok
11,11,ok
11,11,ok
29,29,ok
16,23,wrong
23,23,ok
11,23,wrong
23,23,ok
30,23,wrong
16,23,wrong
3,23,wrong
23,23,ok
17,23,wrong
26,23,wrong
23,23,ok
20,20,ok
23,23,ok
23,23,ok
30,23,wrong
23,23,ok
23,23,ok
23,23,ok
2,2,ok
2,2,ok
19,18,wrong
20,20,ok
18,18,ok
13,13,ok
13,13,ok
18,18,ok
10,10,ok
13,13,ok
13,13,ok
18,18,ok
13,13,ok
13,13,ok
13,13,ok
13,13,ok
30,30,ok
13,13,ok
30,30,ok
13,13,ok
13,13,ok
30,30,ok
13,13,ok
13,13,ok
13,13,ok
13,13,ok
8,8,ok
13,13,ok
13,13,ok
13,13,ok
21,21,ok
13,13,ok
13,13,ok
13,13,ok
13,13,ok
13,13,ok
13,13,ok
13,13,ok
10,10,ok
20,20,ok
13,13,ok
13,13,ok
13,13,ok
13,13,ok
20,20,ok
13,13,ok
13,13,ok
13,13,ok
13,13,ok
10,10,ok
13,13,ok
10,20,wrong
13,13,ok
20,14,wrong
13,13,ok
13,13,ok
13,13,ok
13,13,ok
18,18,ok
13,13,ok
13,13,ok
13,13,ok
21,21,ok
30,16,wrong
16,16,ok
16,16,ok
16,16,ok
16,16,ok
16,16,ok
16,16,ok
16,16,ok
0,16,wrong
26,26,ok
22,22,ok
26,26,ok
11,22,wrong
22,21,wrong
21,22,wrong
17,26,wrong
22,14,wrong
26,22,wrong
26,23,wrong
10,26,wrong
27,21,wrong
24,18,wrong
18,23,wrong
13,13,ok
13,13,ok
13,13,ok
13,13,ok
13,13,ok
13,13,ok
13,13,ok
13,13,ok
13,13,ok
13,13,ok
13,13,ok
13,13,ok
13,13,ok
13,13,ok
13,13,ok
13,13,ok
13,13,ok
13,13,ok
13,13,ok
13,13,ok
13,13,ok
13,13,ok
13,13,ok
13,13,ok
13,13,ok
13,13,ok
13,13,ok
13,13,ok
13,13,ok
13,13,ok
13,13,ok
13,13,ok
13,13,ok
13,13,ok
13,13,ok
13,13,ok
13,13,ok
13,13,ok
13,13,ok
13,13,ok
30,30,ok
19,19,ok
10,10,ok
30,30,ok
19,19,ok
19,19,ok
30,30,ok
30,30,ok
16,30,wrong
30,30,ok
19,19,ok
19,19,ok
19,30,wrong
25,19,wrong
10,10,ok
18,19,wrong
18,18,ok
17,17,ok
4,3,wrong
3,4,wrong
4,4,ok
20,17,wrong
6,14,wrong
18,18,ok
17,3,wrong
17,3,wrong
16,3,wrong
13,13,ok
13,13,ok
13,13,ok
13,13,ok
13,13,ok
13,13,ok
13,13,ok
13,13,ok
13,13,ok
8,8,ok
13,13,ok
13,13,ok
13,13,ok
13,13,ok
13,13,ok
30,30,ok
13,13,ok
13,13,ok
13,13,ok
13,13,ok
13,13,ok
13,13,ok
13,13,ok
13,13,ok
13,13,ok
13,13,ok
13,13,ok
13,13,ok
13,13,ok
13,13,ok
13,13,ok
13,13,ok
13,13,ok
13,13,ok
13,13,ok
13,13,ok
1,27,wrong
20,20,ok
20,20,ok
20,20,ok
26,21,wrong
16,16,ok
16,16,ok
16,16,ok
16,16,ok
16,16,ok
16,16,ok
16,16,ok
13,16,wrong
16,16,ok
16,16,ok
16,16,ok
10,16,wrong
16,16,ok
16,16,ok
16,16,ok
16,16,ok
16,16,ok
16,16,ok
16,16,ok
16,16,ok
2,15,wrong
30,15,wrong
30,30,ok
1,15,wrong
30,30,ok
30,30,ok
30,30,ok
14,30,wrong
30,30,ok
30,15,wrong
20,30,wrong
16,30,wrong
30,30,ok
22,30,wrong
5,30,wrong
10,30,wrong
16,15,wrong
30,30,ok
13,13,ok
13,13,ok
13,13,ok
13,13,ok
13,13,ok
13,13,ok
13,13,ok
13,13,ok
13,13,ok
13,13,ok
13,13,ok
13,13,ok
13,13,ok
13,13,ok
13,13,ok
13,13,ok
13,13,ok
13,13,ok
13,13,ok
13,13,ok
11,11,ok
11,11,ok
11,11,ok
11,11,ok
11,11,ok
11,11,ok
11,11,ok
11,11,ok
11,11,ok
11,11,ok
11,11,ok
11,11,ok
11,11,ok
11,11,ok
11,11,ok
11,11,ok
11,11,ok
11,11,ok
11,11,ok
11,11,ok
13,13,ok
13,13,ok
13,13,ok
13,13,ok
13,13,ok
13,13,ok
13,13,ok
13,13,ok
13,13,ok
13,13,ok
13,13,ok
13,13,ok
13,13,ok
13,13,ok
13,13,ok
13,13,ok
13,13,ok
13,13,ok
13,13,ok
13,13,ok
11,11,ok
13,13,ok
13,13,ok
13,13,ok
13,13,ok
13,13,ok
13,13,ok
13,13,ok
13,13,ok
13,13,ok
13,13,ok
13,13,ok
13,13,ok
13,13,ok
13,13,ok
13,13,ok
13,13,ok
13,13,ok
13,13,ok
13,13,ok
13,13,ok
2,2,ok
2,2,ok
2,2,ok
21,21,ok
8,6,wrong
11,6,wrong
21,21,ok
13,13,ok
2,2,ok
2,18,wrong
2,2,ok
2,18,wrong
8,2,wrong
2,18,wrong
9,9,ok
13,13,ok
13,13,ok
13,13,ok
13,13,ok
13,13,ok
13,13,ok
13,13,ok
13,13,ok
13,13,ok
13,13,ok
13,13,ok
13,13,ok
13,13,ok
9,9,ok
13,13,ok
13,13,ok
13,13,ok
9,9,ok
13,13,ok
13,13,ok
13,13,ok
14,13,wrong
13,13,ok
13,13,ok
13,13,ok
13,13,ok
13,13,ok
13,13,ok
13,13,ok
13,13,ok
13,13,ok
13,13,ok
13,13,ok
13,13,ok
13,13,ok
13,13,ok
13,13,ok
13,13,ok
13,13,ok
34,34,ok
12,34,wrong
14,34,wrong
34,34,ok
34,34,ok
27,34,wrong
29,29,ok
34,29,wrong
14,29,wrong
29,29,ok
16,29,wrong
29,29,ok
34,29,wrong
16,29,wrong
16,29,wrong
29,29,ok
29,29,ok
29,29,ok
29,29,ok
29,29,ok
29,29,ok
16,29,wrong
14,29,wrong
29,29,ok
29,29,ok
10,29,wrong
11,11,ok
11,11,ok
11,11,ok
11,11,ok
11,11,ok
11,11,ok
14,0,wrong
16,16,ok
23,19,wrong
13,16,wrong
9,9,ok
13,13,ok
19,19,ok
16,16,ok
3,3,ok
13,13,ok
3,3,ok
10,10,ok
19,19,ok
16,16,ok
14,19,wrong
16,16,ok
19,19,ok
13,13,ok
34,16,wrong
13,13,ok
16,16,ok
10,10,ok
10,20,wrong
16,16,ok
8,8,ok
10,22,wrong
10,10,ok
18,18,ok
11,11,ok
18,18,ok
10,10,ok
10,10,ok
2,2,ok
10,10,ok
10,10,ok
10,10,ok
12,22,wrong
10,10,ok
10,10,ok
10,10,ok
9,9,ok
9,9,ok
9,9,ok
16,9,wrong
9,9,ok
9,9,ok
9,9,ok
6,9,wrong
14,9,wrong
20,9,wrong
9,9,ok
9,9,ok
9,9,ok
6,14,wrong
26,14,wrong
3,14,wrong
8,14,wrong
6,14,wrong
14,14,ok
6,14,wrong
14,14,ok
14,14,ok
14,14,ok
14,14,ok
30,14,wrong
14,14,ok
14,14,ok
14,14,ok
21,14,wrong
2,14,wrong
2,14,wrong
14,14,ok
14,14,ok
11,11,ok
11,11,ok
11,11,ok
11,11,ok
11,11,ok
11,11,ok
11,11,ok
11,11,ok
11,11,ok
11,11,ok
11,11,ok
11,11,ok
11,11,ok
11,11,ok
11,11,ok
11,11,ok
11,11,ok
11,11,ok
11,11,ok
11,11,ok
3,3,ok
3,3,ok
3,3,ok
3,3,ok
3,3,ok
6,6,ok
23,16,wrong
30,35,wrong
10,10,ok
10,10,ok
10,10,ok
10,10,ok
10,10,ok
10,10,ok
10,10,ok
10,10,ok
10,10,ok
10,10,ok
13,10,wrong
10,10,ok
10,10,ok
10,10,ok
10,10,ok
10,10,ok
10,10,ok
10,10,ok
10,10,ok
10,10,ok
20,20,ok
10,10,ok
11,11,ok
11,11,ok
11,11,ok
11,11,ok
11,11,ok
11,11,ok
11,11,ok
11,11,ok
11,11,ok
11,11,ok
11,11,ok
11,11,ok
11,11,ok
11,11,ok
6,11,wrong
11,11,ok
11,11,ok
11,11,ok
11,11,ok
11,11,ok
27,27,ok
27,27,ok
20,27,wrong
27,27,ok
27,27,ok
20,27,wrong
27,27,ok
25,25,ok
27,27,ok
27,27,ok
30,27,wrong
16,16,ok
16,16,ok
23,16,wrong
16,16,ok
16,16,ok
16,14,wrong
14,16,wrong
10,19,wrong
16,16,ok
16,16,ok
21,16,wrong
16,16,ok
23,16,wrong
16,22,wrong
16,16,ok
3,16,wrong
2,16,wrong
30,16,wrong
16,16,ok
3,16,wrong
23,23,ok
2,23,wrong
21,21,ok
23,21,wrong
21,21,ok
21,21,ok
21,21,ok
23,23,ok
21,21,ok
21,21,ok
21,21,ok
21,21,ok
23,23,ok
21,21,ok
21,21,ok
21,21,ok
13,21,wrong
21,21,ok
21,21,ok
3,21,wrong
9,21,wrong
21,21,ok
33,3,wrong
3,3,ok
16,16,ok
10,16,wrong
16,16,ok
10,16,wrong
30,22,wrong
14,14,ok
14,14,ok
14,14,ok
14,14,ok
14,14,ok
14,14,ok
14,14,ok
14,14,ok
14,14,ok
14,14,ok
13,14,wrong
10,14,wrong
14,14,ok
14,14,ok
14,14,ok
21,14,wrong
20,20,ok
20,20,ok
20,20,ok
18,20,wrong
20,20,ok
20,20,ok
20,20,ok
18,18,ok
20,20,ok
22,20,wrong
20,20,ok
20,20,ok
20,20,ok
35,20,wrong
20,20,ok
18,18,ok
20,20,ok
20,20,ok
20,20,ok
13,20,wrong
20,20,ok
20,20,ok
20,20,ok
15,20,wrong
20,20,ok
20,12,wrong
25,25,ok
13,13,ok
13,13,ok
13,13,ok
8,8,ok
20,20,ok
13,13,ok
8,8,ok
21,21,ok
10,10,ok
10,10,ok
14,16,wrong
10,10,ok
10,10,ok
20,20,ok
9,9,ok
13,13,ok
13,13,ok
13,13,ok
21,21,ok
21,21,ok
21,21,ok
21,21,ok
21,21,ok
21,21,ok
21,21,ok
21,6,wrong
21,21,ok
30,21,wrong
13,21,wrong
21,21,ok
21,21,ok
21,21,ok
21,21,ok
21,21,ok
21,21,ok
21,21,ok
21,21,ok
30,21,wrong
21,21,ok
21,21,ok
21,21,ok
21,21,ok
21,21,ok
21,21,ok
21,21,ok
21,21,ok
21,21,ok
21,21,ok
21,21,ok
21,21,ok
21,21,ok
21,21,ok
21,21,ok
21,21,ok
21,21,ok
21,21,ok
21,21,ok
21,21,ok
9,16,wrong
18,10,wrong
1,32,wrong
5,5,ok
10,16,wrong
15,16,wrong
16,16,ok
16,16,ok
22,16,wrong
6,6,ok
10,10,ok
10,10,ok
10,10,ok
13,13,ok
13,13,ok
13,13,ok
13,13,ok
13,13,ok
13,13,ok
13,13,ok
13,13,ok
13,13,ok
13,13,ok
13,13,ok
13,4,wrong
13,13,ok
13,13,ok
13,13,ok
10,10,ok
13,13,ok
13,13,ok
13,13,ok
20,20,ok
20,20,ok
20,20,ok
20,20,ok
20,20,ok
20,20,ok
20,20,ok
20,20,ok
5,20,wrong
20,20,ok
20,20,ok
20,20,ok
20,20,ok
20,20,ok
20,20,ok
20,20,ok
20,20,ok
20,20,ok
20,20,ok
20,20,ok
3,3,ok
10,8,wrong
10,8,wrong
10,13,wrong
5,5,ok
13,13,ok
13,13,ok
14,6,wrong
6,30,wrong
13,13,ok
13,13,ok
13,13,ok
13,13,ok
13,13,ok
13,5,wrong
5,13,wrong
30,30,ok
10,10,ok
13,13,ok
13,13,ok
13,13,ok
13,13,ok
15,5,wrong
3,16,wrong
24,16,wrong
16,3,wrong
10,3,wrong
16,3,wrong
0,0,ok
1,0,wrong
0,0,ok
0,0,ok
34,0,wrong
0,0,ok
22,22,ok
21,22,wrong
22,22,ok
22,22,ok
11,22,wrong
22,22,ok
22,22,ok
21,22,wrong
22,22,ok
22,22,ok
22,22,ok
22,22,ok
11,22,wrong
30,22,wrong
3,3,ok
2,18,wrong
18,18,ok
2,18,wrong
18,18,ok
18,18,ok
1,18,wrong
18,18,ok
18,18,ok
18,18,ok
18,18,ok
18,18,ok
18,18,ok
23,18,wrong
4,4,ok
4,20,wrong
4,4,ok
4,4,ok
1,1,ok
27,4,wrong
16,4,wrong
10,4,wrong
4,4,ok
4,4,ok
4,4,ok
1,4,wrong
4,4,ok
2,4,wrong
4,4,ok
2,4,wrong
1,4,wrong
4,4,ok
4,4,ok
4,1,wrong
21,21,ok
13,13,ok
13,13,ok
13,13,ok
13,13,ok
13,13,ok
13,13,ok
13,13,ok
13,13,ok
13,13,ok
13,13,ok
13,13,ok
13,13,ok
13,13,ok
13,13,ok
13,13,ok
13,13,ok
13,13,ok
13,13,ok
13,13,ok
13,13,ok
12,12,ok
13,13,ok
13,13,ok
20,20,ok
13,13,ok
13,13,ok
13,13,ok
13,13,ok
18,25,wrong
30,30,ok
13,13,ok
13,13,ok
5,5,ok
13,13,ok
13,13,ok
9,9,ok
9,9,ok
10,10,ok
10,10,ok
13,13,ok
3,3,ok
3,3,ok
3,3,ok
0,0,ok
0,0,ok
0,0,ok
0,0,ok
0,0,ok
0,0,ok
0,0,ok
0,0,ok
0,0,ok
0,0,ok
0,0,ok
0,0,ok
0,0,ok
0,0,ok
0,0,ok
27,0,wrong
0,0,ok
0,0,ok
0,0,ok
0,0,ok
13,13,ok
10,10,ok
13,13,ok
13,13,ok
13,13,ok
13,13,ok
13,13,ok
10,10,ok
10,10,ok
13,13,ok
13,13,ok
13,13,ok
13,13,ok
13,13,ok
13,13,ok
10,11,wrong
13,13,ok
9,4,wrong
10,10,ok
10,10,ok
20,20,ok
13,13,ok
13,13,ok
5,13,wrong
13,13,ok
13,13,ok
13,13,ok
13,13,ok
13,13,ok
13,13,ok
13,13,ok
13,13,ok
13,13,ok
9,13,wrong
13,13,ok
13,13,ok
33,12,wrong
14,14,ok
18,14,wrong
10,10,ok
26,23,wrong
22,22,ok
22,22,ok
22,22,ok
22,22,ok
22,22,ok
22,22,ok
22,22,ok
22,22,ok
22,22,ok
22,22,ok
22,22,ok
22,22,ok
0,22,wrong
22,22,ok
22,22,ok
22,22,ok
22,22,ok
22,22,ok
22,22,ok
22,22,ok
3,34,wrong
14,34,wrong
10,34,wrong
34,34,ok
11,34,wrong
34,34,ok
34,34,ok
34,34,ok
34,34,ok
34,34,ok
14,34,wrong
14,34,wrong
14,34,wrong
34,34,ok
33,34,wrong
34,34,ok
11,34,wrong
11,34,wrong
34,34,ok
27,34,wrong
24,24,ok
24,24,ok
29,24,wrong
11,11,ok
11,11,ok
11,11,ok
11,11,ok
11,11,ok
11,11,ok
11,11,ok
11,11,ok
11,11,ok
11,11,ok
11,11,ok
11,11,ok
11,11,ok
11,11,ok
11,11,ok
3,11,wrong
11,11,ok
11,11,ok
11,11,ok
11,11,ok
11,0,wrong
0,0,ok
16,0,wrong
0,0,ok
3,2,wrong
21,21,ok
21,21,ok
21,21,ok
21,21,ok
21,21,ok
21,21,ok
21,21,ok
21,21,ok
21,21,ok
21,21,ok
21,21,ok
21,21,ok
21,21,ok
21,21,ok
21,21,ok
21,21,ok
21,21,ok
21,21,ok
21,21,ok
21,21,ok
23,23,ok
23,23,ok
23,23,ok
23,23,ok
23,23,ok
23,23,ok
23,23,ok
23,23,ok
23,23,ok
14,24,wrong
23,23,ok
23,23,ok
23,23,ok
23,23,ok
23,23,ok
21,23,wrong
23,23,ok
23,23,ok
23,23,ok
23,23,ok
11,11,ok
11,11,ok
11,11,ok
22,11,wrong
11,11,ok
11,11,ok
11,11,ok
11,11,ok
11,11,ok
11,11,ok
11,11,ok
12,11,wrong
14,11,wrong
17,11,wrong
11,11,ok
11,11,ok
11,11,ok
11,11,ok
11,11,ok
10,11,wrong
26,21,wrong
21,21,ok
4,32,wrong
3,3,ok
21,35,wrong
4,3,wrong
18,35,wrong
3,3,ok
0,35,wrong
14,3,wrong
35,35,ok
4,3,wrong
2,3,wrong
2,3,wrong
2,3,wrong
35,4,wrong
18,4,wrong
35,35,ok
15,4,wrong
27,35,wrong
36,3,wrong
35,35,ok
15,4,wrong
0,4,wrong
30,22,wrong
23,22,wrong
12,12,ok
22,22,ok
3,3,ok
22,18,wrong
22,10,wrong
12,22,wrong
13,13,ok
16,10,wrong
10,13,wrong
18,18,ok
12,17,wrong
22,5,wrong
13,13,ok
13,13,ok
4,4,ok
2,4,wrong
3,3,ok
3,3,ok
3,3,ok
3,3,ok
3,3,ok
4,4,ok
13,13,ok
9,9,ok
9,9,ok
9,9,ok
10,10,ok
9,9,ok
9,9,ok
9,9,ok
13,13,ok
9,13,wrong
13,13,ok
9,9,ok
13,9,wrong
9,9,ok
9,13,wrong
9,13,wrong
9,9,ok
9,9,ok
9,9,ok
10,9,wrong
10,10,ok
10,10,ok
10,10,ok
10,10,ok
10,10,ok
8,10,wrong
16,16,ok
16,16,ok
16,16,ok
16,16,ok
10,16,wrong
23,16,wrong
1,1,ok
16,16,ok
30,16,wrong
16,16,ok
16,16,ok
16,16,ok
16,16,ok
3,16,wrong
16,16,ok
10,16,wrong
16,16,ok
13,16,wrong
16,6,wrong
16,16,ok
16,24,wrong
16,24,wrong
23,24,wrong
24,24,ok
24,24,ok
24,24,ok
20,20,ok
4,20,wrong
20,20,ok
20,20,ok
6,20,wrong
4,20,wrong
1,1,ok
1,17,wrong
13,13,ok
3,13,wrong
13,13,ok
13,3,wrong
22,22,ok
22,22,ok
22,22,ok
22,22,ok
22,22,ok
22,22,ok
22,22,ok
22,22,ok
22,22,ok
22,22,ok
34,22,wrong
34,22,wrong
22,22,ok
22,22,ok
22,22,ok
22,22,ok
22,22,ok
22,22,ok
22,22,ok
22,22,ok
16,16,ok
3,1,wrong
5,20,wrong
6,20,wrong
9,9,ok
20,20,ok
20,20,ok
20,20,ok
20,20,ok
20,20,ok
15,15,ok
10,15,wrong
15,15,ok
20,15,wrong
15,15,ok
15,15,ok
15,15,ok
15,15,ok
4,15,wrong
20,15,wrong
20,15,wrong
15,15,ok
34,15,wrong
10,15,wrong
15,15,ok
15,15,ok
20,15,wrong
10,15,wrong
10,15,wrong
13,15,wrong
30,30,ok
6,6,ok
2,6,wrong
13,13,ok
13,13,ok
13,13,ok
13,13,ok
13,13,ok
13,13,ok
10,13,wrong
10,13,wrong
13,13,ok
13,13,ok
13,13,ok
13,13,ok
13,13,ok
13,13,ok
13,13,ok
13,13,ok
13,13,ok
13,13,ok
13,13,ok
13,13,ok
13,13,ok
13,13,ok
13,13,ok
13,13,ok
13,13,ok
13,13,ok
13,13,ok
20,13,wrong
13,13,ok
13,13,ok
13,13,ok
13,13,ok
13,13,ok
13,13,ok
13,13,ok
13,13,ok
13,13,ok
13,13,ok
13,13,ok
13,13,ok
20,10,wrong
22,21,wrong
21,21,ok
21,21,ok
22,21,wrong
21,21,ok
22,21,wrong
22,21,wrong
21,21,ok
21,21,ok
21,21,ok
21,21,ok
21,21,ok
21,21,ok
21,21,ok
21,21,ok
21,21,ok
21,21,ok
21,21,ok
3,21,wrong
21,21,ok
21,21,ok
21,21,ok
21,21,ok
21,21,ok
21,21,ok
21,21,ok
21,21,ok
21,21,ok
21,31,wrong
13,13,ok
13,13,ok
13,13,ok
13,13,ok
11,11,ok
13,13,ok
20,20,ok
13,13,ok
10,12,wrong
13,13,ok
13,13,ok
13,13,ok
13,13,ok
20,20,ok
13,10,wrong
13,13,ok
13,13,ok
10,10,ok
13,13,ok
13,13,ok
16,16,ok
16,16,ok
16,16,ok
22,14,wrong
13,13,ok
8,8,ok
13,13,ok
21,21,ok
13,13,ok
13,30,wrong
10,10,ok
13,13,ok
10,10,ok
13,13,ok
13,13,ok
13,13,ok
13,13,ok
13,13,ok
13,13,ok
13,13,ok
13,13,ok
13,13,ok
13,13,ok
13,13,ok
13,13,ok
13,13,ok
10,10,ok
13,13,ok
13,13,ok
13,13,ok
13,13,ok
13,13,ok
13,13,ok
13,13,ok
13,13,ok
9,9,ok
13,13,ok
13,13,ok
23,9,wrong
22,20,wrong
22,22,ok
20,23,wrong
15,15,ok
15,15,ok
15,15,ok
15,15,ok
15,15,ok
15,15,ok
15,15,ok
15,15,ok
15,15,ok
15,15,ok
15,15,ok
15,15,ok
15,15,ok
15,15,ok
15,15,ok
15,15,ok
15,15,ok
15,15,ok
15,15,ok
15,15,ok
14,14,ok
2,27,wrong
11,11,ok
6,5,wrong
21,0,wrong
34,14,wrong
6,20,wrong
20,13,wrong
13,13,ok
24,11,wrong
16,21,wrong
6,33,wrong
20,4,wrong
14,14,ok
21,21,ok
6,21,wrong
21,21,ok
14,14,ok
14,14,ok
14,14,ok
21,21,ok
21,21,ok
21,21,ok
21,21,ok
21,21,ok
21,21,ok
21,21,ok
21,21,ok
21,21,ok
21,21,ok
21,21,ok
21,21,ok
21,21,ok
21,21,ok
21,21,ok
21,21,ok
21,21,ok
21,21,ok
21,21,ok
21,21,ok
4,2,wrong
0,25,wrong
25,25,ok
27,23,wrong
35,18,wrong
18,18,ok
23,22,wrong
1,24,wrong
20,20,ok
20,27,wrong
23,20,wrong
23,25,wrong
18,20,wrong
14,26,wrong
22,22,ok
20,25,wrong
20,20,ok
20,20,ok
20,27,wrong
34,20,wrong
20,24,wrong
20,0,wrong
0,0,ok
11,0,wrong
0,0,ok
0,0,ok
0,0,ok
0,0,ok
0,0,ok
0,0,ok
0,0,ok
0,0,ok
0,0,ok
0,0,ok
0,0,ok
0,0,ok
0,0,ok
0,0,ok
0,0,ok
0,0,ok
0,0,ok
23,23,ok
23,23,ok
23,23,ok
16,23,wrong
23,23,ok
1,1,ok
1,1,ok
16,1,wrong
1,23,wrong
23,23,ok
14,14,ok
0,1,wrong
23,1,wrong
23,23,ok
23,23,ok
23,22,wrong
1,1,ok
1,1,ok
21,21,ok
21,21,ok
21,21,ok
21,21,ok
21,21,ok
21,21,ok
21,21,ok
20,20,ok
23,23,ok
20,20,ok
21,21,ok
26,31,wrong
21,21,ok
13,13,ok
10,13,wrong
13,13,ok
13,13,ok
13,13,ok
13,13,ok
10,10,ok
10,10,ok
13,13,ok
13,13,ok
10,10,ok
10,10,ok
13,13,ok
10,10,ok
13,13,ok
21,21,ok
13,13,ok
13,13,ok
13,13,ok
13,13,ok
13,13,ok
13,13,ok
13,13,ok
13,13,ok
13,13,ok
13,13,ok
13,13,ok
20,20,ok
13,13,ok
13,13,ok
13,13,ok
13,13,ok
13,13,ok
13,13,ok
13,13,ok
13,13,ok
13,13,ok
13,13,ok
13,13,ok
0,17,wrong
13,13,ok
13,13,ok
13,13,ok
13,13,ok
13,13,ok
13,13,ok
13,13,ok
13,13,ok
13,13,ok
13,13,ok
13,13,ok
13,13,ok
13,13,ok
13,13,ok
13,13,ok
13,13,ok
13,13,ok
13,13,ok
13,13,ok
13,13,ok
13,13,ok
13,13,ok
13,13,ok
13,13,ok
13,13,ok
13,13,ok
13,13,ok
13,13,ok
13,13,ok
13,13,ok
13,13,ok
13,13,ok
13,13,ok
13,13,ok
13,13,ok
13,13,ok
13,13,ok
13,13,ok
13,13,ok
13,13,ok
11,11,ok
13,13,ok
13,13,ok
13,13,ok
13,13,ok
13,13,ok
13,13,ok
13,13,ok
13,13,ok
13,13,ok
13,13,ok
13,13,ok
13,13,ok
13,13,ok
13,13,ok
13,13,ok
13,13,ok
13,13,ok
13,13,ok
13,13,ok
13,13,ok
2,2,ok
2,2,ok
2,2,ok
2,2,ok
2,2,ok
2,2,ok
2,2,ok
10,1,wrong
2,2,ok
2,2,ok
2,2,ok
2,2,ok
2,2,ok
2,2,ok
2,2,ok
2,2,ok
2,2,ok
2,2,ok
2,2,ok
13,13,ok
13,13,ok
10,13,wrong
13,13,ok
9,9,ok
9,9,ok
21,9,wrong
9,9,ok
20,13,wrong
9,9,ok
13,13,ok
9,9,ok
13,13,ok
9,9,ok
13,13,ok
13,13,ok
13,13,ok
13,13,ok
9,9,ok
13,13,ok
13,13,ok
13,13,ok
13,13,ok
13,13,ok
13,13,ok
13,13,ok
13,13,ok
13,13,ok
13,13,ok
13,13,ok
13,13,ok
13,13,ok
13,13,ok
13,13,ok
13,13,ok
13,13,ok
13,13,ok
13,13,ok
13,13,ok
13,13,ok
13,13,ok
20,20,ok
16,10,wrong
13,13,ok
13,13,ok
20,20,ok
13,13,ok
13,13,ok
13,13,ok
20,20,ok
13,13,ok
20,13,wrong
20,20,ok
20,20,ok
16,16,ok
33,8,wrong
10,10,ok
13,13,ok
13,13,ok
20,20,ok
3,2,wrong
2,2,ok
2,2,ok
10,2,wrong
10,2,wrong
2,2,ok
2,2,ok
4,2,wrong
2,2,ok
2,2,ok
2,2,ok
2,2,ok
2,2,ok
2,2,ok
2,2,ok
2,2,ok
2,2,ok
0,2,wrong
2,2,ok
3,2,wrong
12,12,ok
0,15,wrong
6,6,ok
6,6,ok
6,6,ok
6,6,ok
6,6,ok
6,6,ok
6,6,ok
13,13,ok
13,13,ok
13,13,ok
13,13,ok
13,13,ok
13,13,ok
13,13,ok
13,13,ok
13,13,ok
13,13,ok
13,13,ok
13,13,ok
13,13,ok
13,13,ok
13,13,ok
13,13,ok
13,13,ok
13,13,ok
13,13,ok
13,13,ok
13,13,ok
13,13,ok
13,13,ok
13,13,ok
13,13,ok
13,13,ok
13,13,ok
13,13,ok
13,13,ok
13,13,ok
13,13,ok
13,13,ok
13,13,ok
13,13,ok
13,13,ok
13,13,ok
13,13,ok
13,13,ok
13,13,ok
13,13,ok
13,13,ok
13,13,ok
13,13,ok
13,13,ok
13,13,ok
13,13,ok
13,13,ok
13,13,ok
13,13,ok
13,13,ok
13,13,ok
13,13,ok
13,13,ok
13,13,ok
13,13,ok
13,13,ok
13,13,ok
16,6,wrong
21,21,ok
13,13,ok
13,13,ok
13,13,ok
13,13,ok
13,13,ok
13,13,ok
30,30,ok
21,21,ok
13,13,ok
13,13,ok
13,13,ok
21,21,ok
13,13,ok
21,21,ok
13,13,ok
13,13,ok
13,13,ok
13,13,ok
13,13,ok
10,10,ok
6,6,ok
13,13,ok
11,3,wrong
13,13,ok
13,13,ok
13,13,ok
13,13,ok
13,13,ok
13,13,ok
13,13,ok
13,13,ok
13,13,ok
13,13,ok
13,13,ok
13,13,ok
13,13,ok
30,13,wrong
13,13,ok
13,13,ok
13,13,ok
13,13,ok
18,18,ok
13,13,ok
3,20,wrong
13,13,ok
13,13,ok
13,30,wrong
13,10,wrong
13,13,ok
10,10,ok
30,30,ok
13,13,ok
13,10,wrong
10,10,ok
18,18,ok
20,16,wrong
13,13,ok
10,10,ok
20,20,ok
13,13,ok
18,18,ok
20,20,ok
20,20,ok
20,20,ok
20,20,ok
20,20,ok
20,20,ok
20,20,ok
27,27,ok
8,8,ok
27,27,ok
27,27,ok
27,27,ok
23,23,ok
23,23,ok
20,27,wrong
20,20,ok
13,20,wrong
2,2,ok
2,2,ok
2,2,ok
2,2,ok
2,2,ok
2,2,ok
2,2,ok
2,2,ok
2,2,ok
2,2,ok
2,2,ok
2,2,ok
2,2,ok
2,2,ok
2,2,ok
2,2,ok
2,2,ok
2,2,ok
2,2,ok
2,2,ok
13,13,ok
13,13,ok
13,13,ok
13,13,ok
10,10,ok
13,13,ok
12,12,ok
13,13,ok
13,13,ok
10,10,ok
13,13,ok
20,20,ok
13,13,ok
13,13,ok
10,10,ok
13,13,ok
13,13,ok
15,15,ok
11,11,ok
13,13,ok
14,14,ok
14,14,ok
14,14,ok
14,14,ok
13,13,ok
16,16,ok
14,14,ok
13,13,ok
13,20,wrong
13,9,wrong
13,13,ok
20,16,wrong
14,14,ok
16,16,ok
16,14,wrong
16,20,wrong
14,14,ok
13,16,wrong
14,14,ok
16,16,ok
13,13,ok
13,13,ok
14,14,ok
13,13,ok
20,20,ok
9,9,ok
20,20,ok
20,20,ok
13,13,ok
13,13,ok
13,16,wrong
20,20,ok
13,13,ok
8,18,wrong
3,3,ok
13,13,ok
13,13,ok
20,16,wrong
13,13,ok
13,13,ok
13,13,ok
13,13,ok
13,13,ok
20,20,ok
13,13,ok
13,13,ok
13,8,wrong
13,13,ok
18,18,ok
13,13,ok
13,13,ok
13,13,ok
13,13,ok
13,13,ok
13,13,ok
13,13,ok
10,10,ok
13,13,ok
13,13,ok
13,13,ok
13,13,ok
13,13,ok
10,10,ok
10,10,ok
13,10,wrong
13,13,ok
21,21,ok
9,9,ok
13,13,ok
20,20,ok
13,13,ok
18,18,ok
13,13,ok
13,13,ok
10,10,ok
13,13,ok
21,21,ok
13,13,ok
21,20,wrong
18,18,ok
20,8,wrong
18,18,ok
8,8,ok
13,13,ok
8,8,ok
20,8,wrong
18,18,ok
8,6,wrong
8,8,ok
8,8,ok
8,8,ok
8,8,ok
8,8,ok
13,13,ok
8,8,ok
21,21,ok
10,20,wrong
20,20,ok
21,21,ok
13,13,ok
1,23,wrong
25,23,wrong
23,23,ok
17,17,ok
23,23,ok
9,23,wrong
23,17,wrong
8,8,ok
2,8,wrong
14,8,wrong
23,22,wrong
30,22,wrong
23,23,ok
23,23,ok
16,23,wrong
21,21,ok
21,21,ok
21,21,ok
21,21,ok
16,21,wrong
30,21,wrong
16,21,wrong
21,21,ok
21,21,ok
21,21,ok
21,21,ok
21,21,ok
11,21,wrong
21,21,ok
21,21,ok
21,21,ok
21,21,ok
21,21,ok
13,21,wrong
21,21,ok
0,5,wrong
6,14,wrong
30,13,wrong
30,1,wrong
14,13,wrong
13,13,ok
6,6,ok
20,30,wrong
8,8,ok
4,5,wrong
20,13,wrong
3,8,wrong
4,4,ok
1,4,wrong
20,15,wrong
1,1,ok
25,13,wrong
13,13,ok
20,20,ok
4,4,ok
30,3,wrong
16,16,ok
16,16,ok
16,16,ok
16,16,ok
16,16,ok
20,16,wrong
16,16,ok
16,16,ok
16,16,ok
13,16,wrong
16,16,ok
13,16,wrong
3,16,wrong
16,16,ok
16,16,ok
16,16,ok
3,16,wrong
16,16,ok
20,16,wrong
3,16,wrong
3,6,wrong
9,9,ok
14,20,wrong
20,20,ok
16,13,wrong
20,20,ok
8,8,ok
8,8,ok
14,8,wrong
20,30,wrong
30,30,ok
29,30,wrong
20,30,wrong
30,30,ok
13,30,wrong
30,30,ok
17,30,wrong
20,30,wrong
30,30,ok
20,30,wrong
30,30,ok
0,30,wrong
30,30,ok
9,30,wrong
14,30,wrong
18,30,wrong
30,30,ok
3,30,wrong
26,30,wrong
21,30,wrong
26,30,wrong
30,30,ok
30,30,ok
14,30,wrong
30,30,ok
30,30,ok
30,30,ok
30,30,ok
30,30,ok
30,30,ok
20,30,wrong
30,30,ok
11,30,wrong
21,30,wrong
30,30,ok
30,30,ok
30,30,ok
30,30,ok
30,30,ok
13,13,ok
13,13,ok
13,13,ok
13,13,ok
13,13,ok
13,13,ok
13,13,ok
13,13,ok
13,13,ok
13,13,ok
7,7,ok
7,7,ok
14,7,wrong
17,14,wrong
7,7,ok
14,14,ok
7,7,ok
13,14,wrong
7,7,ok
7,7,ok
16,7,wrong
7,7,ok
7,7,ok
26,7,wrong
7,7,ok
14,7,wrong
14,7,wrong
7,7,ok
7,7,ok
14,7,wrong
11,11,ok
11,11,ok
11,11,ok
11,11,ok
11,11,ok
11,11,ok
11,11,ok
26,30,wrong
14,30,wrong
3,3,ok
3,3,ok
3,3,ok
0,0,ok
0,0,ok
0,0,ok
0,0,ok
0,0,ok
0,0,ok
0,0,ok
0,0,ok
1,0,wrong
0,0,ok
0,0,ok
0,0,ok
2,0,wrong
0,0,ok
3,0,wrong
0,0,ok
0,0,ok
0,0,ok
0,0,ok
0,0,ok
0,8,wrong
8,8,ok
10,8,wrong
16,1,wrong
2,2,ok
2,2,ok
2,2,ok
2,2,ok
2,2,ok
2,2,ok
14,2,wrong
2,2,ok
2,2,ok
2,2,ok
2,2,ok
1,2,wrong
2,2,ok
18,2,wrong
2,2,ok
30,2,wrong
2,2,ok
2,2,ok
2,2,ok
0,2,wrong
2,18,wrong
3,2,wrong
22,23,wrong
10,10,ok
2,5,wrong
13,13,ok
10,5,wrong
5,2,wrong
35,2,wrong
2,2,ok
3,2,wrong
10,10,ok
2,2,ok
9,5,wrong
13,5,wrong
10,10,ok
5,5,ok
10,10,ok
13,13,ok
10,10,ok
13,13,ok
2,2,ok
13,13,ok
19,17,wrong
26,17,wrong
20,20,ok
13,13,ok
13,9,wrong
13,13,ok
13,13,ok
9,9,ok
13,13,ok
13,13,ok
13,13,ok
13,13,ok
13,13,ok
13,13,ok
13,13,ok
13,13,ok
13,13,ok
13,13,ok
13,13,ok
13,13,ok
13,13,ok
13,13,ok
29,29,ok
29,29,ok
29,29,ok
29,29,ok
29,29,ok
29,29,ok
29,29,ok
24,29,wrong
29,29,ok
29,29,ok
29,29,ok
29,29,ok
29,29,ok
29,29,ok
29,29,ok
29,29,ok
29,29,ok
30,29,wrong
22,29,wrong
29,29,ok
12,12,ok
11,12,wrong
3,9,wrong
13,13,ok
13,13,ok
13,13,ok
13,13,ok
13,13,ok
13,13,ok
13,13,ok
13,13,ok
13,13,ok
13,13,ok
20,20,ok
13,13,ok
13,13,ok
13,13,ok
13,13,ok
13,13,ok
13,13,ok
13,13,ok
13,13,ok
13,13,ok
11,11,ok
11,11,ok
11,11,ok
11,11,ok
11,11,ok
11,11,ok
11,11,ok
11,11,ok
11,11,ok
11,11,ok
11,11,ok
11,11,ok
11,11,ok
11,11,ok
11,11,ok
11,11,ok
11,11,ok
11,11,ok
11,11,ok
11,11,ok
0,1,wrong
1,1,ok
1,1,ok
1,1,ok
35,1,wrong
1,1,ok
1,1,ok
1,1,ok
1,1,ok
1,1,ok
1,1,ok
1,1,ok
1,1,ok
1,1,ok
13,13,ok
13,13,ok
3,3,ok
33,3,wrong
3,3,ok
3,3,ok
3,3,ok
3,3,ok
3,3,ok
0,3,wrong
3,3,ok
3,3,ok
3,3,ok
3,3,ok
24,3,wrong
3,3,ok
3,3,ok
2,3,wrong
3,3,ok
3,3,ok
3,3,ok
10,3,wrong
2,2,ok
16,16,ok
18,16,wrong
16,16,ok
29,16,wrong
16,16,ok
13,13,ok
13,13,ok
13,13,ok
13,13,ok
13,13,ok
13,13,ok
13,13,ok
13,13,ok
13,13,ok
13,13,ok
13,13,ok
13,13,ok
13,13,ok
13,13,ok
13,13,ok
13,13,ok
13,13,ok
13,13,ok
13,13,ok
13,13,ok
23,23,ok
23,1,wrong
26,23,wrong
1,23,wrong
23,23,ok
23,23,ok
23,23,ok
1,1,ok
23,23,ok
23,23,ok
23,23,ok
23,23,ok
23,23,ok
1,23,wrong
23,23,ok
17,23,wrong
23,23,ok
23,23,ok
23,23,ok
23,23,ok
9,9,ok
13,13,ok
14,6,wrong
13,13,ok
13,13,ok
13,13,ok
13,13,ok
13,13,ok
9,9,ok
13,13,ok
13,13,ok
13,13,ok
9,9,ok
13,13,ok
13,13,ok
13,13,ok
13,13,ok
13,13,ok
13,13,ok
13,13,ok
13,13,ok
13,13,ok
13,13,ok
16,27,wrong
11,11,ok
8,11,wrong
0,33,wrong
0,0,ok
0,0,ok
3,0,wrong
30,0,wrong
2,0,wrong
30,0,wrong
3,0,wrong
2,0,wrong
0,0,ok
0,0,ok
33,0,wrong
0,0,ok
0,0,ok
2,0,wrong
0,0,ok
20,0,wrong
0,0,ok
0,0,ok
36,0,wrong
6,29,wrong
29,29,ok
29,29,ok
16,3,wrong
3,3,ok
14,3,wrong
10,3,wrong
3,3,ok
4,3,wrong
21,3,wrong
3,3,ok
18,3,wrong
3,3,ok
11,3,wrong
11,3,wrong
3,3,ok
16,3,wrong
3,3,ok
3,3,ok
1,3,wrong
3,3,ok
3,3,ok
23,3,wrong
20,27,wrong
33,27,wrong
20,18,wrong
18,18,ok
18,18,ok
18,18,ok
18,18,ok
12,12,ok
0,0,ok
0,0,ok
0,0,ok
0,0,ok
0,0,ok
0,0,ok
0,0,ok
0,0,ok
0,0,ok
0,0,ok
0,0,ok
0,0,ok
30,0,wrong
0,0,ok
22,0,wrong
0,0,ok
0,0,ok
0,0,ok
0,0,ok
0,0,ok
0,0,ok
0,0,ok
0,0,ok
0,0,ok
0,0,ok
0,0,ok
0,0,ok
0,0,ok
0,0,ok
0,0,ok
0,0,ok
0,0,ok
0,0,ok
0,0,ok
20,20,ok
20,20,ok
20,20,ok
20,20,ok
20,20,ok
20,20,ok
20,20,ok
20,20,ok
20,20,ok
13,20,wrong
20,20,ok
20,20,ok
20,20,ok
20,20,ok
19,20,wrong
20,20,ok
20,20,ok
20,20,ok
20,20,ok
20,20,ok
18,18,ok
18,18,ok
18,18,ok
20,18,wrong
18,18,ok
18,18,ok
1,18,wrong
18,18,ok
1,18,wrong
18,18,ok
18,18,ok
18,18,ok
18,18,ok
18,18,ok
18,18,ok
17,18,wrong
18,18,ok
18,18,ok
18,17,wrong
20,18,wrong
6,10,wrong
2,27,wrong
22,27,wrong
22,22,ok
22,22,ok
12,12,ok
11,22,wrong
23,22,wrong
6,22,wrong
11,22,wrong
22,22,ok
22,22,ok
1,22,wrong
22,14,wrong
22,22,ok
22,11,wrong
22,22,ok
22,22,ok
14,22,wrong
22,22,ok
22,22,ok
14,22,wrong
11,11,ok
11,11,ok
10,10,ok
10,10,ok
13,13,ok
9,9,ok
10,13,wrong
18,18,ok
13,13,ok
13,13,ok
4,4,ok
13,13,ok
13,13,ok
13,13,ok
10,10,ok
13,13,ok
9,9,ok
13,13,ok
13,13,ok
21,21,ok
13,13,ok
13,13,ok
13,13,ok
13,13,ok
13,13,ok
9,9,ok
13,10,wrong
13,13,ok
13,13,ok
13,13,ok
13,13,ok
9,9,ok
13,13,ok
13,13,ok
13,13,ok
13,13,ok
13,13,ok
13,13,ok
10,10,ok
9,9,ok
13,13,ok
13,13,ok
30,16,wrong
16,16,ok
19,16,wrong
29,16,wrong
16,16,ok
16,16,ok
6,6,ok
6,6,ok
6,6,ok
26,26,ok
3,1,wrong
26,26,ok
4,26,wrong
26,26,ok
17,26,wrong
21,26,wrong
0,26,wrong
26,26,ok
23,26,wrong
26,26,ok
26,26,ok
23,26,wrong
26,26,ok
26,17,wrong
17,26,wrong
4,28,wrong
29,26,wrong
17,26,wrong
23,26,wrong
13,13,ok
4,4,ok
4,4,ok
15,1,wrong
33,1,wrong
18,18,ok
18,25,wrong
10,13,wrong
13,13,ok
13,13,ok
18,18,ok
21,21,ok
13,13,ok
13,13,ok
20,20,ok
13,13,ok
10,10,ok
13,13,ok
13,13,ok
20,20,ok
10,10,ok
13,13,ok
13,13,ok
18,18,ok
13,13,ok
27,22,wrong
20,22,wrong
22,22,ok
14,14,ok
14,14,ok
6,6,ok
6,6,ok
14,14,ok
14,14,ok
6,6,ok
14,14,ok
14,14,ok
14,14,ok
6,6,ok
14,14,ok
6,6,ok
6,6,ok
14,14,ok
14,14,ok
14,14,ok
14,14,ok
14,14,ok
13,6,wrong
13,13,ok
13,13,ok
10,10,ok
13,13,ok
16,13,wrong
13,13,ok
13,13,ok
13,13,ok
9,9,ok
13,13,ok
13,13,ok
9,9,ok
13,13,ok
13,13,ok
13,13,ok
13,13,ok
13,9,wrong
13,13,ok
13,13,ok
13,13,ok
20,20,ok
20,20,ok
20,20,ok
6,20,wrong
18,20,wrong
6,20,wrong
20,20,ok
22,22,ok
14,3,wrong
22,22,ok
0,22,wrong
22,22,ok
22,22,ok
22,22,ok
22,22,ok
14,14,ok
16,22,wrong
14,14,ok
14,14,ok
5,14,wrong
14,14,ok
14,14,ok
14,14,ok
16,14,wrong
34,14,wrong
3,3,ok
6,6,ok
22,6,wrong
13,13,ok
13,13,ok
13,13,ok
13,13,ok
13,13,ok
20,10,wrong
13,13,ok
13,13,ok
13,13,ok
15,15,ok
13,15,wrong
15,15,ok
5,15,wrong
15,15,ok
15,15,ok
15,15,ok
15,15,ok
15,15,ok
15,15,ok
15,15,ok
15,15,ok
5,15,wrong
15,15,ok
15,15,ok
15,15,ok
15,15,ok
15,15,ok
15,15,ok
15,15,ok
20,20,ok
20,20,ok
20,20,ok
20,20,ok
20,20,ok
20,20,ok
20,20,ok
20,20,ok
20,20,ok
20,20,ok
20,20,ok
20,20,ok
20,20,ok
20,20,ok
20,20,ok
20,20,ok
20,20,ok
20,20,ok
20,20,ok
36,20,wrong
1,1,ok
3,27,wrong
14,14,ok
16,6,wrong
27,6,wrong
6,6,ok
9,14,wrong
11,6,wrong
9,8,wrong
14,14,ok
30,27,wrong
14,16,wrong
10,10,ok
10,10,ok
10,10,ok
10,10,ok
10,10,ok
10,10,ok
10,10,ok
10,10,ok
10,10,ok
10,10,ok
10,10,ok
10,10,ok
10,10,ok
10,10,ok
10,10,ok
10,10,ok
10,10,ok
10,10,ok
10,10,ok
10,10,ok
13,13,ok
13,13,ok
22,22,ok
13,13,ok
13,13,ok
13,13,ok
13,13,ok
20,8,wrong
13,13,ok
13,13,ok
22,22,ok
11,25,wrong
26,26,ok
11,17,wrong
31,26,wrong
26,26,ok
26,26,ok
22,22,ok
21,26,wrong
14,24,wrong
30,24,wrong
30,26,wrong
21,21,ok
16,16,ok
13,13,ok
18,18,ok
10,10,ok
13,13,ok
26,30,wrong
18,13,wrong
9,9,ok
9,9,ok
13,13,ok
10,10,ok
18,10,wrong
13,13,ok
20,4,wrong
13,13,ok
13,13,ok
13,13,ok
13,13,ok
10,8,wrong
9,9,ok
3,3,ok
3,3,ok
11,0,wrong
0,0,ok
0,0,ok
0,0,ok
0,0,ok
0,0,ok
0,0,ok
0,0,ok
4,0,wrong
0,0,ok
0,0,ok
33,0,wrong
0,0,ok
3,0,wrong
3,0,wrong
0,0,ok
3,0,wrong
3,0,wrong
0,0,ok
0,0,ok
22,22,ok
10,14,wrong
17,11,wrong
11,14,wrong
3,14,wrong
14,11,wrong
14,14,ok
11,11,ok
11,14,wrong
14,11,wrong
11,11,ok
14,14,ok
14,11,wrong
11,14,wrong
10,14,wrong
14,14,ok
11,11,ok
14,14,ok
14,11,wrong
14,14,ok
14,14,ok
10,10,ok
10,10,ok
10,10,ok
10,10,ok
10,10,ok
10,10,ok
10,10,ok
10,10,ok
10,10,ok
10,10,ok
10,10,ok
10,10,ok
10,10,ok
10,10,ok
10,10,ok
10,10,ok
10,10,ok
10,10,ok
10,10,ok
10,10,ok
8,14,wrong
10,10,ok
15,10,wrong
30,10,wrong
30,10,wrong
7,10,wrong
3,24,wrong
23,23,ok
23,23,ok
23,23,ok
23,23,ok
23,23,ok
23,23,ok
21,21,ok
21,21,ok
21,21,ok
11,21,wrong
21,21,ok
21,21,ok
21,21,ok
21,21,ok
21,21,ok
21,21,ok
4,4,ok
4,4,ok
4,4,ok
4,4,ok
4,4,ok
4,4,ok
4,4,ok
4,4,ok
4,4,ok
33,36,wrong
3,3,ok
3,3,ok
3,3,ok
3,3,ok
3,3,ok
3,3,ok
3,3,ok
3,3,ok
3,3,ok
10,10,ok
13,13,ok
3,3,ok
2,3,wrong
13,13,ok
13,13,ok
13,13,ok
13,13,ok
13,13,ok
13,13,ok
13,13,ok
13,13,ok
13,13,ok
13,13,ok
13,13,ok
13,13,ok
13,13,ok
13,13,ok
13,13,ok
13,13,ok
13,13,ok
13,13,ok
13,13,ok
13,13,ok
13,13,ok
13,13,ok
13,13,ok
10,20,wrong
13,13,ok
13,13,ok
13,13,ok
21,21,ok
13,13,ok
20,20,ok
13,13,ok
21,21,ok
13,13,ok
13,13,ok
8,8,ok
13,13,ok
13,13,ok
13,13,ok
13,13,ok
13,13,ok
8,8,ok
20,8,wrong
8,8,ok
20,20,ok
4,4,ok
8,8,ok
4,4,ok
10,10,ok
8,8,ok
20,20,ok
20,22,wrong
8,8,ok
20,20,ok
8,8,ok
20,22,wrong
10,10,ok
8,8,ok
10,10,ok
10,10,ok
8,8,ok
4,4,ok
4,4,ok
15,15,ok
4,4,ok
4,4,ok
4,4,ok
4,4,ok
4,4,ok
4,4,ok
4,4,ok
4,4,ok
4,4,ok
4,15,wrong
4,4,ok
18,4,wrong
4,4,ok
4,4,ok
4,4,ok
4,4,ok
13,4,wrong
3,3,ok
3,3,ok
3,3,ok
3,3,ok
3,3,ok
3,3,ok
3,3,ok
3,3,ok
3,3,ok
3,3,ok
3,3,ok
3,3,ok
3,3,ok
3,3,ok
4,4,ok
4,4,ok
3,3,ok
3,3,ok
3,3,ok
4,4,ok
13,13,ok
13,13,ok
16,29,wrong
13,13,ok
13,13,ok
13,13,ok
8,8,ok
13,13,ok
13,13,ok
13,13,ok
13,13,ok
13,13,ok
13,13,ok
13,13,ok
13,13,ok
13,13,ok
13,13,ok
13,13,ok
13,13,ok
13,13,ok
20,20,ok
20,20,ok
13,13,ok
13,13,ok
13,13,ok
13,13,ok
13,13,ok
13,13,ok
13,13,ok
13,13,ok
13,13,ok
13,13,ok
13,13,ok
13,13,ok
13,13,ok
13,30,wrong
13,13,ok
13,13,ok
13,13,ok
13,13,ok
13,13,ok
13,13,ok
20,22,wrong
21,21,ok
21,21,ok
21,21,ok
21,21,ok
21,21,ok
21,21,ok
21,21,ok
21,21,ok
21,21,ok
26,21,wrong
21,21,ok
21,21,ok
21,21,ok
21,21,ok
21,21,ok
21,21,ok
21,21,ok
21,21,ok
14,21,wrong
11,21,wrong
13,13,ok
13,13,ok
13,13,ok
16,13,wrong
13,13,ok
35,16,wrong
16,16,ok
13,13,ok
13,13,ok
16,16,ok
13,13,ok
16,16,ok
13,5,wrong
9,9,ok
13,9,wrong
9,9,ok
13,13,ok
13,13,ok
13,9,wrong
9,9,ok
13,13,ok
9,9,ok
9,9,ok
13,13,ok
9,9,ok
9,9,ok
9,9,ok
13,13,ok
13,13,ok
9,9,ok
9,9,ok
9,9,ok
9,9,ok
27,2,wrong
6,6,ok
6,6,ok
6,6,ok
14,6,wrong
6,6,ok
6,6,ok
6,6,ok
6,6,ok
6,6,ok
6,6,ok
6,6,ok
6,6,ok
6,6,ok
6,6,ok
6,6,ok
6,6,ok
6,6,ok
6,6,ok
6,6,ok
6,6,ok
0,0,ok
3,0,wrong
17,2,wrong
13,18,wrong
13,13,ok
18,18,ok
16,20,wrong
9,9,ok
13,13,ok
13,13,ok
13,13,ok
13,13,ok
13,13,ok
13,13,ok
13,13,ok
13,13,ok
13,13,ok
13,13,ok
20,20,ok
13,13,ok
9,9,ok
13,13,ok
10,10,ok
20,19,wrong
18,19,wrong
13,13,ok
18,19,wrong
13,19,wrong
13,13,ok
13,13,ok
0,1,wrong
19,13,wrong
16,9,wrong
13,13,ok
13,13,ok
11,9,wrong
15,24,wrong
3,19,wrong
13,13,ok
13,13,ok
13,13,ok
14,13,wrong
9,9,ok
9,19,wrong
13,13,ok
14,14,ok
14,14,ok
14,14,ok
14,14,ok
14,14,ok
14,14,ok
14,14,ok
14,14,ok
14,14,ok
14,14,ok
14,14,ok
14,14,ok
14,14,ok
14,14,ok
14,14,ok
14,14,ok
14,14,ok
14,14,ok
14,14,ok
14,14,ok
15,20,wrong
25,25,ok
20,25,wrong
25,25,ok
27,20,wrong
25,20,wrong
25,25,ok
25,25,ok
23,25,wrong
19,20,wrong
25,25,ok
25,25,ok
20,25,wrong
3,25,wrong
25,25,ok
25,25,ok
25,25,ok
14,20,wrong
25,23,wrong
20,25,wrong
25,25,ok
10,10,ok
13,13,ok
13,13,ok
13,13,ok
18,18,ok
13,13,ok
13,13,ok
12,12,ok
13,13,ok
13,13,ok
12,12,ok
13,13,ok
13,13,ok
13,13,ok
13,13,ok
13,13,ok
13,13,ok
13,13,ok
13,13,ok
13,13,ok
1,27,wrong
0,0,ok
0,33,wrong
22,33,wrong
23,0,wrong
0,33,wrong
0,33,wrong
0,33,wrong
0,33,wrong
33,0,wrong
0,33,wrong
0,0,ok
26,0,wrong
33,0,wrong
33,33,ok
33,33,ok
33,33,ok
0,0,ok
0,0,ok
0,0,ok
0,0,ok
0,0,ok
3,0,wrong
30,0,wrong
0,0,ok
22,0,wrong
27,24,wrong
29,24,wrong
0,0,ok
29,26,wrong
0,0,ok
0,0,ok
0,0,ok
21,2,wrong
33,33,ok
33,33,ok
33,33,ok
33,33,ok
14,33,wrong
33,33,ok
33,33,ok
33,33,ok
33,33,ok
33,33,ok
33,33,ok
12,33,wrong
27,27,ok
27,27,ok
15,27,wrong
27,27,ok
8,27,wrong
27,27,ok
27,27,ok
27,27,ok
27,27,ok
27,27,ok
27,27,ok
27,27,ok
27,27,ok
27,27,ok
27,27,ok
27,27,ok
27,27,ok
27,27,ok
27,27,ok
27,27,ok
11,30,wrong
11,30,wrong
20,30,wrong
27,23,wrong
23,1,wrong
23,23,ok
23,23,ok
23,23,ok
21,23,wrong
27,23,wrong
25,23,wrong
25,23,wrong
19,23,wrong
30,23,wrong
0,23,wrong
1,23,wrong
26,23,wrong
22,23,wrong
23,1,wrong
23,23,ok
16,1,wrong
10,1,wrong
13,13,ok
13,13,ok
13,13,ok
13,13,ok
13,13,ok
13,13,ok
13,13,ok
13,13,ok
13,13,ok
13,13,ok
13,13,ok
13,13,ok
13,13,ok
13,13,ok
13,13,ok
13,13,ok
13,13,ok
13,13,ok
13,13,ok
13,13,ok
26,26,ok
26,26,ok
26,26,ok
26,26,ok
26,26,ok
23,26,wrong
23,26,wrong
23,26,wrong
26,26,ok
15,26,wrong
26,26,ok
26,26,ok
23,26,wrong
30,26,wrong
26,26,ok
26,26,ok
16,26,wrong
26,26,ok
26,26,ok
26,26,ok
22,22,ok
22,22,ok
34,22,wrong
22,22,ok
34,22,wrong
22,22,ok
22,22,ok
10,10,ok
10,10,ok
10,10,ok
30,16,wrong
1,16,wrong
26,8,wrong
11,11,ok
5,6,wrong
21,21,ok
21,21,ok
21,21,ok
21,21,ok
21,21,ok
21,21,ok
21,21,ok
21,21,ok
21,21,ok
21,21,ok
21,21,ok
21,21,ok
21,21,ok
21,21,ok
21,21,ok
21,21,ok
21,21,ok
21,21,ok
21,21,ok
21,21,ok
21,23,wrong
23,23,ok
16,23,wrong
3,3,ok
2,3,wrong
3,3,ok
3,3,ok
3,3,ok
3,3,ok
3,3,ok
3,3,ok
3,3,ok
4,3,wrong
3,3,ok
3,3,ok
3,3,ok
13,13,ok
13,9,wrong
13,13,ok
20,20,ok
20,20,ok
13,13,ok
10,10,ok
13,13,ok
18,18,ok
13,9,wrong
13,13,ok
18,18,ok
13,13,ok
9,9,ok
13,13,ok
13,13,ok
9,9,ok
13,13,ok
11,11,ok
13,13,ok
30,30,ok
1,20,wrong
4,6,wrong
16,16,ok
21,21,ok
29,21,wrong
21,21,ok
14,21,wrong
21,16,wrong
16,16,ok
16,21,wrong
21,21,ok
21,21,ok
21,16,wrong
16,21,wrong
21,21,ok
21,21,ok
16,21,wrong
21,21,ok
21,16,wrong
21,21,ok
16,16,ok
16,21,wrong
16,13,wrong
30,21,wrong
13,13,ok
13,13,ok
8,8,ok
13,13,ok
13,13,ok
13,13,ok
13,13,ok
13,13,ok
13,13,ok
13,13,ok
13,13,ok
13,13,ok
13,13,ok
5,5,ok
13,13,ok
13,13,ok
13,13,ok
13,13,ok
13,13,ok
13,13,ok
14,14,ok
14,14,ok
15,14,wrong
30,14,wrong
14,14,ok
14,14,ok
14,14,ok
14,14,ok
14,14,ok
7,14,wrong
14,14,ok
14,14,ok
33,14,wrong
14,14,ok
14,14,ok
14,14,ok
14,14,ok
36,14,wrong
14,14,ok
14,14,ok
2,15,wrong
21,8,wrong
8,8,ok
8,8,ok
8,8,ok
15,15,ok
0,0,ok
0,0,ok
0,0,ok
20,0,wrong
0,0,ok
0,0,ok
0,0,ok
0,0,ok
0,0,ok
0,0,ok
23,0,wrong
0,0,ok
0,0,ok
0,36,wrong
20,0,wrong
0,0,ok
33,0,wrong
0,0,ok
0,0,ok
0,0,ok
7,7,ok
9,7,wrong
10,10,ok
14,14,ok
7,7,ok
7,14,wrong
7,7,ok
11,7,wrong
29,10,wrong
7,7,ok
7,7,ok
7,7,ok
7,7,ok
15,7,wrong
7,14,wrong
7,7,ok
26,7,wrong
7,15,wrong
7,7,ok
14,14,ok
21,21,ok
21,21,ok
23,21,wrong
21,21,ok
21,21,ok
21,21,ok
21,21,ok
21,21,ok
21,21,ok
21,21,ok
21,21,ok
21,21,ok
21,21,ok
21,21,ok
21,21,ok
21,21,ok
21,21,ok
21,21,ok
1,21,wrong
21,21,ok
23,21,wrong
21,21,ok
21,21,ok
21,21,ok
21,21,ok
21,21,ok
2,20,wrong
9,16,wrong
16,16,ok
16,16,ok
16,16,ok
16,16,ok
16,16,ok
21,16,wrong
16,16,ok
16,16,ok
7,16,wrong
16,16,ok
16,16,ok
16,16,ok
16,16,ok
16,16,ok
16,16,ok
16,16,ok
16,16,ok
16,16,ok
7,16,wrong
13,13,ok
13,13,ok
13,13,ok
13,13,ok
13,13,ok
9,9,ok
13,13,ok
13,13,ok
13,13,ok
14,14,ok
20,20,ok
13,13,ok
13,13,ok
18,18,ok
20,20,ok
13,13,ok
13,13,ok
13,13,ok
13,13,ok
13,13,ok
13,13,ok
22,20,wrong
13,30,wrong
20,20,ok
20,20,ok
20,20,ok
20,22,wrong
13,20,wrong
20,20,ok
20,20,ok
13,20,wrong
20,20,ok
20,20,ok
20,20,ok
20,22,wrong
20,22,wrong
20,18,wrong
20,20,ok
20,20,ok
10,20,wrong
13,13,ok
3,3,ok
3,3,ok
3,3,ok
20,9,wrong
10,10,ok
9,9,ok
9,13,wrong
9,9,ok
13,13,ok
10,10,ok
20,20,ok
13,13,ok
13,13,ok
13,13,ok
13,13,ok
13,13,ok
13,13,ok
13,13,ok
21,21,ok
13,13,ok
13,13,ok
13,13,ok
13,13,ok
13,13,ok
10,10,ok
12,12,ok
12,12,ok
14,12,wrong
6,29,wrong
6,29,wrong
10,10,ok
10,10,ok
10,10,ok
10,10,ok
10,10,ok
10,10,ok
10,10,ok
10,10,ok
10,10,ok
10,10,ok
10,10,ok
10,10,ok
10,10,ok
10,10,ok
10,10,ok
10,10,ok
10,10,ok
10,10,ok
10,10,ok
10,10,ok
13,13,ok
29,29,ok
13,13,ok
13,13,ok
13,13,ok
13,13,ok
13,13,ok
13,13,ok
10,10,ok
10,10,ok
13,13,ok
13,13,ok
3,22,wrong
10,24,wrong
13,13,ok
16,3,wrong
13,13,ok
18,18,ok
13,13,ok
20,19,wrong
13,13,ok
14,14,ok
14,14,ok
14,14,ok
14,14,ok
14,14,ok
13,13,ok
13,13,ok
13,13,ok
13,13,ok
13,13,ok
13,13,ok
13,13,ok
13,13,ok
13,13,ok
13,13,ok
13,13,ok
13,13,ok
13,13,ok
13,13,ok
13,13,ok
13,13,ok
13,13,ok
13,13,ok
13,13,ok
13,13,ok
1,1,ok
1,1,ok
1,1,ok
1,1,ok
10,4,wrong
4,4,ok
4,4,ok
27,27,ok
23,27,wrong
13,13,ok
13,13,ok
13,13,ok
13,13,ok
13,13,ok
13,13,ok
13,13,ok
13,13,ok
13,13,ok
13,13,ok
13,13,ok
13,13,ok
13,13,ok
20,20,ok
10,10,ok
13,13,ok
13,13,ok
13,13,ok
13,13,ok
13,13,ok
13,13,ok
13,13,ok
13,13,ok
13,13,ok
13,13,ok
13,13,ok
13,13,ok
13,13,ok
13,13,ok
13,13,ok
13,13,ok
13,13,ok
13,13,ok
13,13,ok
13,13,ok
13,13,ok
13,13,ok
13,13,ok
13,13,ok
13,13,ok
13,13,ok
13,13,ok
13,13,ok
13,13,ok
13,13,ok
13,13,ok
13,13,ok
13,13,ok
13,13,ok
13,13,ok
13,13,ok
13,13,ok
13,13,ok
13,13,ok
21,21,ok
13,13,ok
13,13,ok
13,13,ok
13,13,ok
13,13,ok
13,13,ok
13,13,ok
13,13,ok
13,13,ok
13,13,ok
13,13,ok
13,13,ok
13,13,ok
13,13,ok
13,13,ok
13,13,ok
13,13,ok
13,13,ok
13,13,ok
13,13,ok
13,13,ok
13,13,ok
13,9,wrong
13,13,ok
13,13,ok
13,13,ok
13,13,ok
10,10,ok
13,13,ok
10,10,ok
9,9,ok
13,13,ok
10,10,ok
13,13,ok
13,13,ok
10,10,ok
13,13,ok
13,13,ok
13,9,wrong
9,9,ok
13,13,ok
13,13,ok
13,13,ok
13,13,ok
13,13,ok
13,13,ok
13,13,ok
13,13,ok
13,13,ok
13,13,ok
13,13,ok
13,13,ok
13,13,ok
13,13,ok
13,13,ok
13,13,ok
13,13,ok
13,13,ok
13,13,ok
13,13,ok
13,16,wrong
13,13,ok
13,13,ok
13,13,ok
20,20,ok
13,21,wrong
13,13,ok
13,13,ok
13,13,ok
20,20,ok
13,13,ok
13,13,ok
13,13,ok
13,13,ok
13,13,ok
20,20,ok
13,13,ok
13,13,ok
13,13,ok
13,20,wrong
13,13,ok
20,20,ok
13,13,ok
13,13,ok
13,13,ok
27,20,wrong
10,20,wrong
8,18,wrong
15,8,wrong
15,18,wrong
10,18,wrong
13,13,ok
10,10,ok
20,20,ok
10,10,ok
13,13,ok
13,13,ok
13,13,ok
13,13,ok
13,13,ok
13,13,ok
13,13,ok
13,13,ok
13,13,ok
13,13,ok
13,13,ok
13,13,ok
0,30,wrong
13,13,ok
13,13,ok
13,13,ok
23,34,wrong
22,34,wrong
11,34,wrong
22,34,wrong
11,11,ok
11,11,ok
11,11,ok
11,11,ok
11,11,ok
11,11,ok
11,11,ok
11,11,ok
11,11,ok
11,11,ok
11,11,ok
11,11,ok
11,11,ok
11,11,ok
11,11,ok
11,11,ok
11,11,ok
11,11,ok
11,11,ok
11,11,ok
11,11,ok
11,11,ok
11,11,ok
11,11,ok
11,11,ok
11,11,ok
11,11,ok
11,11,ok
11,11,ok
11,11,ok
11,11,ok
11,11,ok
11,11,ok
11,11,ok
11,11,ok
11,11,ok
11,11,ok
11,11,ok
11,11,ok
11,11,ok
6,6,ok
14,6,wrong
6,6,ok
13,6,wrong
6,6,ok
6,6,ok
6,6,ok
6,6,ok
36,6,wrong
6,6,ok
6,6,ok
6,6,ok
14,6,wrong
6,6,ok
6,6,ok
6,6,ok
0,6,wrong
6,6,ok
6,6,ok
6,6,ok
6,8,wrong
20,20,ok
13,13,ok
10,10,ok
13,13,ok
13,13,ok
13,13,ok
13,13,ok
13,13,ok
13,30,wrong
13,13,ok
13,13,ok
13,13,ok
13,13,ok
13,13,ok
13,13,ok
13,13,ok
13,13,ok
13,13,ok
13,13,ok
13,13,ok
13,13,ok
13,13,ok
16,16,ok
16,29,wrong
16,16,ok
16,9,wrong
16,16,ok
4,16,wrong
13,16,wrong
21,16,wrong
10,16,wrong
16,16,ok
29,16,wrong
31,16,wrong
23,16,wrong
21,30,wrong
21,30,wrong
21,30,wrong
12,12,ok
12,12,ok
12,12,ok
12,12,ok
14,12,wrong
12,12,ok
14,12,wrong
12,12,ok
12,12,ok
8,12,wrong
2,12,wrong
11,12,wrong
11,12,wrong
12,12,ok
12,12,ok
12,12,ok
12,12,ok
12,12,ok
12,12,ok
11,11,ok
13,13,ok
13,13,ok
13,13,ok
13,13,ok
15,15,ok
13,13,ok
13,13,ok
13,13,ok
12,12,ok
18,15,wrong
13,13,ok
13,13,ok
12,12,ok
13,13,ok
13,13,ok
13,13,ok
12,9,wrong
13,13,ok
13,13,ok
30,15,wrong
15,15,ok
30,20,wrong
13,20,wrong
30,20,wrong
11,20,wrong
3,3,ok
24,3,wrong
13,13,ok
13,13,ok
20,18,wrong
13,13,ok
20,16,wrong
13,13,ok
13,13,ok
12,12,ok
13,13,ok
13,13,ok
13,13,ok
13,13,ok
10,10,ok
13,13,ok
13,13,ok
10,10,ok
13,13,ok
13,13,ok
13,13,ok
13,13,ok
13,13,ok
13,13,ok
13,13,ok
9,9,ok
10,10,ok
13,13,ok
13,13,ok
9,9,ok
33,13,wrong
14,34,wrong
34,34,ok
0,0,ok
0,0,ok
23,0,wrong
2,0,wrong
0,23,wrong
23,23,ok
0,0,ok
16,23,wrong
0,0,ok
0,0,ok
23,23,ok
0,16,wrong
0,0,ok
2,0,wrong
23,0,wrong
23,23,ok
0,0,ok
3,23,wrong
3,0,wrong
0,23,wrong
13,13,ok
13,13,ok
13,13,ok
13,13,ok
13,13,ok
13,13,ok
13,13,ok
13,13,ok
13,13,ok
13,13,ok
13,13,ok
13,13,ok
13,13,ok
13,13,ok
13,13,ok
13,13,ok
13,13,ok
13,13,ok
13,13,ok
13,13,ok
10,10,ok
10,10,ok
10,10,ok
10,10,ok
10,10,ok
10,10,ok
10,10,ok
10,10,ok
10,10,ok
10,10,ok
10,10,ok
10,10,ok
10,10,ok
10,10,ok
10,10,ok
10,10,ok
10,10,ok
10,10,ok
10,10,ok
13,10,wrong
14,17,wrong
4,16,wrong
30,16,wrong
22,16,wrong
16,16,ok
16,16,ok
16,16,ok
4,16,wrong
30,16,wrong
16,13,wrong
16,16,ok
16,16,ok
16,16,ok
20,16,wrong
16,16,ok
16,16,ok
16,16,ok
17,17,ok
17,17,ok
14,14,ok
16,16,ok
16,16,ok
24,16,wrong
16,16,ok
16,16,ok
13,13,ok
10,13,wrong
13,13,ok
13,13,ok
13,13,ok
13,13,ok
18,13,wrong
13,20,wrong
13,13,ok
13,13,ok
5,13,wrong
13,13,ok
13,13,ok
13,13,ok
13,13,ok
20,13,wrong
13,13,ok
13,13,ok
13,13,ok
13,13,ok
14,14,ok
14,14,ok
22,14,wrong
16,14,wrong
22,14,wrong
14,11,wrong
14,14,ok
11,14,wrong
34,14,wrong
23,11,wrong
14,14,ok
11,11,ok
11,14,wrong
34,14,wrong
30,14,wrong
14,14,ok
12,12,ok
11,11,ok
11,11,ok
12,14,wrong
11,12,wrong
14,14,ok
1,1,ok
1,1,ok
1,1,ok
1,1,ok
1,1,ok
1,1,ok
1,1,ok
1,1,ok
23,0,wrong
0,0,ok
2,0,wrong
0,0,ok
3,0,wrong
0,0,ok
0,0,ok
0,0,ok
0,0,ok
0,33,wrong
0,0,ok
0,0,ok
22,0,wrong
0,0,ok
23,0,wrong
4,0,wrong
0,0,ok
16,0,wrong
33,33,ok
0,0,ok
10,10,ok
10,10,ok
10,10,ok
10,10,ok
10,10,ok
10,10,ok
20,10,wrong
10,10,ok
10,10,ok
9,10,wrong
10,10,ok
10,10,ok
10,10,ok
10,10,ok
10,10,ok
10,10,ok
9,10,wrong
10,10,ok
10,10,ok
10,10,ok
10,10,ok
13,13,ok
9,9,ok
13,13,ok
13,13,ok
13,13,ok
10,10,ok
9,9,ok
13,13,ok
13,13,ok
10,3,wrong
13,13,ok
13,13,ok
13,13,ok
13,13,ok
13,13,ok
13,13,ok
13,13,ok
10,10,ok
10,10,ok
24,3,wrong
15,1,wrong
2,1,wrong
1,1,ok
1,1,ok
27,1,wrong
1,1,ok
0,1,wrong
15,1,wrong
1,1,ok
1,1,ok
1,1,ok
1,1,ok
1,1,ok
24,1,wrong
5,1,wrong
1,1,ok
1,1,ok
13,13,ok
13,13,ok
20,20,ok
13,13,ok
13,13,ok
13,13,ok
13,13,ok
13,13,ok
13,13,ok
13,13,ok
13,13,ok
13,13,ok
13,13,ok
3,3,ok
10,10,ok
9,9,ok
13,13,ok
13,13,ok
13,13,ok
13,13,ok
11,12,wrong
30,20,wrong
4,20,wrong
15,20,wrong
20,20,ok
14,6,wrong
13,13,ok
14,14,ok
10,14,wrong
21,21,ok
20,20,ok
11,11,ok
11,11,ok
30,30,ok
9,2,wrong
5,11,wrong
11,11,ok
13,13,ok
3,3,ok
2,2,ok
16,7,wrong
18,18,ok
9,9,ok
30,30,ok
12,11,wrong
30,30,ok
11,11,ok
2,17,wrong
3,3,ok
25,25,ok
34,17,wrong
11,22,wrong
20,20,ok
20,20,ok
13,13,ok
13,13,ok
13,13,ok
9,9,ok
13,13,ok
13,13,ok
12,12,ok
13,13,ok
13,13,ok
13,13,ok
20,20,ok
13,13,ok
13,13,ok
3,3,ok
13,13,ok
13,13,ok
13,13,ok
13,13,ok
19,16,wrong
13,13,ok
10,10,ok
22,22,ok
10,10,ok
22,22,ok
22,22,ok
20,20,ok
20,20,ok
20,20,ok
20,25,wrong
20,20,ok
20,20,ok
20,20,ok
20,20,ok
20,20,ok
20,20,ok
20,20,ok
20,13,wrong
20,20,ok
20,20,ok
18,20,wrong
20,20,ok
20,20,ok
20,20,ok
20,20,ok
20,20,ok
2,16,wrong
12,16,wrong
16,16,ok
16,16,ok
3,16,wrong
23,23,ok
8,20,wrong
21,22,wrong
22,23,wrong
8,8,ok
13,20,wrong
4,4,ok
8,6,wrong
2,2,ok
30,30,ok
6,6,ok
1,17,wrong
26,8,wrong
17,17,ok
13,24,wrong
16,17,wrong
11,11,ok
9,9,ok
3,14,wrong
13,13,ok
13,13,ok
13,13,ok
13,13,ok
13,13,ok
13,13,ok
10,10,ok
13,13,ok
13,13,ok
13,13,ok
13,13,ok
13,13,ok
13,13,ok
10,10,ok
13,13,ok
13,13,ok
13,13,ok
13,13,ok
14,20,wrong
13,13,ok
13,13,ok
13,13,ok
13,13,ok
21,21,ok
13,13,ok
13,13,ok
21,21,ok
13,13,ok
20,20,ok
13,13,ok
13,13,ok
13,13,ok
13,13,ok
13,13,ok
21,21,ok
13,13,ok
13,13,ok
13,13,ok
13,13,ok
13,13,ok
13,13,ok
13,13,ok
13,13,ok
16,3,wrong
25,23,wrong
23,23,ok
23,23,ok
23,23,ok
22,11,wrong
11,11,ok
11,11,ok
11,22,wrong
11,11,ok
11,11,ok
11,11,ok
11,11,ok
22,22,ok
11,11,ok
11,11,ok
11,11,ok
11,11,ok
11,11,ok
11,11,ok
11,11,ok
22,22,ok
11,11,ok
11,11,ok
11,11,ok
11,11,ok
11,11,ok
11,11,ok
11,11,ok
11,11,ok
10,10,ok
10,10,ok
33,33,ok
26,15,wrong
33,33,ok
6,6,ok
14,14,ok
33,7,wrong
21,14,wrong
21,21,ok
25,20,wrong
11,11,ok
0,33,wrong
21,21,ok
10,12,wrong
21,21,ok
3,4,wrong
21,21,ok
33,33,ok
0,33,wrong
6,6,ok
6,2,wrong
21,21,ok
10,10,ok
3,16,wrong
16,16,ok
14,7,wrong
13,12,wrong
21,24,wrong
14,11,wrong
10,16,wrong
10,10,ok
16,16,ok
6,11,wrong
20,10,wrong
13,13,ok
21,21,ok
20,20,ok
6,20,wrong
21,16,wrong
34,22,wrong
21,21,ok
14,14,ok
21,6,wrong
4,4,ok
22,22,ok
18,14,wrong
16,29,wrong
12,14,wrong
21,21,ok
21,21,ok
21,21,ok
21,22,wrong
16,27,wrong
20,28,wrong
21,21,ok
16,33,wrong
21,17,wrong
13,13,ok
21,21,ok
2,3,wrong
21,21,ok
33,33,ok
18,13,wrong
14,14,ok
21,21,ok
10,1,wrong
27,6,wrong
6,6,ok
22,26,wrong
14,14,ok
33,16,wrong
6,33,wrong
21,21,ok
16,21,wrong
20,20,ok
20,20,ok
27,20,wrong
6,20,wrong
20,6,wrong
20,20,ok
13,16,wrong
14,14,ok
20,20,ok
21,21,ok
21,21,ok
14,14,ok
21,21,ok
16,20,wrong
14,6,wrong
18,8,wrong
8,8,ok
17,8,wrong
23,8,wrong
27,8,wrong
8,8,ok
23,8,wrong
9,9,ok
17,9,wrong
9,9,ok
9,9,ok
9,9,ok
9,9,ok
9,9,ok
9,9,ok
9,9,ok
2,2,ok
2,2,ok
2,2,ok
22,2,wrong
11,11,ok
3,3,ok
3,2,wrong
0,3,wrong
3,3,ok
3,3,ok
4,2,wrong
3,3,ok
16,3,wrong
3,2,wrong
2,2,ok
3,3,ok
2,2,ok
3,2,wrong
3,3,ok
3,3,ok
2,2,ok
16,3,wrong
3,2,wrong
0,3,wrong
3,3,ok
2,2,ok
13,13,ok
13,13,ok
13,13,ok
13,13,ok
13,13,ok
13,13,ok
13,13,ok
13,13,ok
13,13,ok
13,13,ok
13,13,ok
13,13,ok
13,13,ok
13,13,ok
13,13,ok
13,13,ok
13,13,ok
13,13,ok
13,13,ok
13,13,ok
2,30,wrong
30,30,ok
2,30,wrong
13,30,wrong
30,30,ok
17,30,wrong
21,30,wrong
30,30,ok
30,30,ok
0,30,wrong
30,30,ok
33,30,wrong
13,30,wrong
20,30,wrong
30,30,ok
14,30,wrong
30,30,ok
30,30,ok
7,30,wrong
30,30,ok
10,10,ok
10,10,ok
10,10,ok
10,10,ok
10,10,ok
10,10,ok
10,10,ok
10,10,ok
10,10,ok
10,10,ok
10,10,ok
10,10,ok
10,10,ok
10,10,ok
13,13,ok
22,16,wrong
13,13,ok
13,13,ok
13,13,ok
2,2,ok
16,16,ok
2,2,ok
13,13,ok
2,2,ok
13,13,ok
10,10,ok
16,22,wrong
16,16,ok
13,13,ok
18,18,ok
13,13,ok
0,16,wrong
30,13,wrong
13,18,wrong
13,13,ok
4,4,ok
3,3,ok
9,9,ok
13,10,wrong
2,2,ok
2,2,ok
2,2,ok
2,2,ok
2,2,ok
2,2,ok
2,2,ok
4,4,ok
23,23,ok
2,3,wrong
4,4,ok
3,3,ok
17,1,wrong
3,4,wrong
22,3,wrong
30,18,wrong
4,4,ok
3,16,wrong
18,3,wrong
23,23,ok
14,3,wrong
14,3,wrong
3,3,ok
11,3,wrong
0,23,wrong
13,13,ok
13,13,ok
10,10,ok
10,10,ok
10,10,ok
13,13,ok
16,16,ok
10,10,ok
13,13,ok
16,16,ok
10,10,ok
13,13,ok
33,13,wrong
16,16,ok
6,2,wrong
2,2,ok
2,2,ok
2,2,ok
2,2,ok
2,2,ok
6,2,wrong
2,2,ok
2,2,ok
16,2,wrong
2,2,ok
2,2,ok
2,2,ok
2,2,ok
2,2,ok
2,2,ok
2,2,ok
18,2,wrong
30,2,wrong
2,2,ok
20,20,ok
10,22,wrong
20,20,ok
20,20,ok
20,20,ok
18,18,ok
36,20,wrong
20,20,ok
20,20,ok
10,20,wrong
20,20,ok
20,20,ok
20,20,ok
20,20,ok
20,20,ok
20,20,ok
6,20,wrong
20,20,ok
20,20,ok
20,20,ok
30,27,wrong
27,27,ok
8,27,wrong
27,27,ok
27,27,ok
27,27,ok
27,27,ok
27,27,ok
27,27,ok
16,27,wrong
27,27,ok
27,27,ok
27,27,ok
27,27,ok
3,27,wrong
27,27,ok
27,27,ok
27,27,ok
27,27,ok
27,27,ok
4,13,wrong
11,11,ok
13,2,wrong
13,13,ok
13,13,ok
13,13,ok
13,13,ok
11,11,ok
13,13,ok
13,3,wrong
3,3,ok
13,13,ok
18,18,ok
13,13,ok
13,13,ok
13,13,ok
13,13,ok
13,13,ok
13,13,ok
18,18,ok
13,13,ok
13,13,ok
13,13,ok
