Other,Research,wrong
Other,HPI,wrong
Other,Other,ok
Other,Other,ok
Research,Research,ok
Research,Research,ok
Advocates,Advocates,ok
Research,Research,ok
Advocates,Advocates,ok
Advocates,HPI,wrong
Advocates,HPO,wrong
Research,HPI,wrong
Other,Other,ok
Research,Advocates,wrong
Research,Research,ok
Advocates,Other,wrong
Advocates,Advocates,ok
HPI,HPI,ok
HPI,HPI,ok
HPO,Advocates,wrong
Other,Other,ok
Other,Other,ok
Research,Other,wrong
HPI,HPO,wrong
HPI,Research,wrong
Research,Research,ok
Patient,Other,wrong
Other,Advocates,wrong
Patient,Patient,ok
Advocates,Advocates,ok
HPO,HPO,ok
HPO,HPI,wrong
Research,Research,ok
Advocates,Advocates,ok
HPI,HPI,ok
Advocates,Advocates,ok
Advocates,Other,wrong
HPI,HPI,ok
Research,Research,ok
Advocates,Advocates,ok
Patient,Other,wrong
Research,Patient,wrong
Research,HPI,wrong
Research,Research,ok
Advocates,Advocates,ok
Advocates,HPI,wrong
Advocates,Advocates,ok
HPO,HPI,wrong
Advocates,Advocates,ok
Other,HPI,wrong
Other,Research,wrong
HPI,Research,wrong
Advocates,Advocates,ok
Other,Other,ok
Other,Research,wrong
HPO,HPI,wrong
Advocates,Advocates,ok
Other,Other,ok
Other,Other,ok
Research,Other,wrong
Advocates,Other,wrong
Advocates,HPO,wrong
Patient,Patient,ok
Advocates,Other,wrong
Research,HPO,wrong
Advocates,HPI,wrong
Other,Other,ok
Other,Other,ok
Advocates,Advocates,ok
Other,HPO,wrong
Other,Other,ok
Advocates,Advocates,ok
Advocates,Advocates,ok
Other,Other,ok
Other,Advocates,wrong
Advocates,Advocates,ok
Other,Other,ok
Advocates,Other,wrong
Research,Research,ok
HPO,Advocates,wrong
Advocates,Patient,wrong
HPI,HPI,ok
HPO,HPO,ok
HPO,HPO,ok
Advocates,Advocates,ok
Advocates,Advocates,ok
Other,Other,ok
Advocates,Other,wrong
HPI,Advocates,wrong
HPI,HPI,ok
Advocates,Patient,wrong
Advocates,Advocates,ok
Advocates,Advocates,ok
Advocates,Advocates,ok
Other,Patient,wrong
Advocates,Advocates,ok
HPI,Research,wrong
HPI,Research,wrong
Other,Patient,wrong
Other,Advocates,wrong
HPO,Other,wrong
HPO,Other,wrong
Advocates,Advocates,ok
Advocates,Advocates,ok
Patient,Other,wrong
Research,Other,wrong
HPI,HPI,ok
Advocates,Other,wrong
Other,Other,ok
Other,Advocates,wrong
HPI,HPO,wrong
Other,Other,ok
Other,Other,ok
HPI,HPI,ok
Advocates,Advocates,ok
Advocates,HPI,wrong
Research,Advocates,wrong
Patient,Other,wrong
Advocates,Research,wrong
Advocates,Advocates,ok
Other,Other,ok
Other,Other,ok
Other,Other,ok
HPI,HPI,ok
HPI,Research,wrong
Other,Advocates,wrong
HPI,HPI,ok
HPI,Research,wrong
Research,HPI,wrong
Research,Research,ok
Other,Advocates,wrong
Other,Other,ok
HPO,Advocates,wrong
Advocates,HPI,wrong
Other,Other,ok
Other,Other,ok
Other,Patient,wrong
HPO,HPO,ok
Research,HPI,wrong
Research,Research,ok
HPO,Advocates,wrong
Advocates,Advocates,ok
Other,Other,ok
Advocates,Advocates,ok
Advocates,Advocates,ok
HPI,HPI,ok
Advocates,Other,wrong
Other,Advocates,wrong
Advocates,Advocates,ok
Other,Other,ok
Other,Other,ok
Advocates,Patient,wrong
Research,Research,ok
Other,Other,ok
Other,Other,ok
Other,HPI,wrong
Other,Other,ok
Other,Other,ok
Advocates,Advocates,ok
Advocates,Patient,wrong
Advocates,Research,wrong
Research,Research,ok
HPO,HPO,ok
Advocates,HPI,wrong
Research,Research,ok
Research,Advocates,wrong
HPO,HPI,wrong
Research,Research,ok
Research,Research,ok
HPO,HPO,ok
Research,Research,ok
Research,HPI,wrong
Research,Research,ok
Advocates,Other,wrong
Other,Other,ok
Other,Other,ok
Research,HPO,wrong
Advocates,Advocates,ok
Other,Other,ok
Advocates,Advocates,ok
Other,Advocates,wrong
Advocates,Advocates,ok
Other,Other,ok
HPI,HPI,ok
Advocates,Advocates,ok
HPI,HPI,ok
Advocates,Other,wrong
Advocates,HPI,wrong
Advocates,HPO,wrong
Advocates,Patient,wrong
Advocates,Other,wrong
Advocates,Advocates,ok
HPO,Advocates,wrong
Research,Research,ok
HPO,Research,wrong
Other,Other,ok
Other,Other,ok
Patient,Patient,ok
Other,Other,ok
Advocates,Patient,wrong
Advocates,Advocates,ok
HPI,HPI,ok
Other,Other,ok
Other,Other,ok
HPO,HPI,wrong
HPI,HPI,ok
HPI,Other,wrong
Patient,Advocates,wrong
Other,Advocates,wrong
HPO,Advocates,wrong
Other,Advocates,wrong
Advocates,Advocates,ok
Advocates,Advocates,ok
HPO,Other,wrong
HPO,HPO,ok
Other,Other,ok
Other,Other,ok
Other,Other,ok
Other,Other,ok
Other,HPO,wrong
Other,Other,ok
HPI,Other,wrong
Other,HPI,wrong
Other,Other,ok
HPO,Advocates,wrong
HPO,Advocates,wrong
Research,Research,ok
Other,HPI,wrong
Advocates,Patient,wrong
Other,Patient,wrong
Research,Research,ok
Patient,Patient,ok
Patient,Advocates,wrong
HPO,Advocates,wrong
Patient,Other,wrong
Other,Advocates,wrong
Advocates,Advocates,ok
Other,Other,ok
Research,Research,ok
HPI,HPI,ok
Other,HPO,wrong
Advocates,HPI,wrong
Other,Other,ok
Advocates,Advocates,ok
Patient,Patient,ok
Other,Other,ok
Patient,Patient,ok
Other,Other,ok
Other,Other,ok
Advocates,Other,wrong
Advocates,HPI,wrong
Other,Other,ok
Other,Advocates,wrong
HPO,Advocates,wrong
Other,Advocates,wrong
Advocates,Advocates,ok
Research,Advocates,wrong
Advocates,HPI,wrong
HPI,HPI,ok
Research,Advocates,wrong
Research,Research,ok
Advocates,HPI,wrong
Research,Research,ok
Patient,Patient,ok
Patient,Advocates,wrong
Other,Other,ok
Other,Other,ok
Advocates,Advocates,ok
Advocates,HPO,wrong
Advocates,Advocates,ok
Other,HPI,wrong
Other,HPO,wrong
Research,Research,ok
Advocates,Research,wrong
Advocates,Advocates,ok
Research,Advocates,wrong
Advocates,Advocates,ok
HPO,Research,wrong
Research,HPO,wrong
Advocates,Other,wrong
HPI,HPI,ok
HPI,HPI,ok
Advocates,Advocates,ok
Advocates,Advocates,ok
Advocates,Other,wrong
Other,Other,ok
Advocates,HPO,wrong
Other,Research,wrong
HPI,HPI,ok
Other,Other,ok
HPI,HPI,ok
Advocates,HPO,wrong
Advocates,Other,wrong
HPI,HPI,ok
Other,Advocates,wrong
Advocates,Other,wrong
HPO,Research,wrong
Advocates,Research,wrong
Advocates,Research,wrong
Research,Advocates,wrong
Research,Other,wrong
HPI,HPI,ok
HPI,Research,wrong
HPI,Advocates,wrong
Advocates,Advocates,ok
Other,Other,ok
Advocates,Patient,wrong
Advocates,Advocates,ok
Other,HPI,wrong
Other,Advocates,wrong
Research,HPI,wrong
Research,Research,ok
Other,Other,ok
Other,Other,ok
Other,Other,ok
HPI,Patient,wrong
Patient,HPI,wrong
Advocates,Advocates,ok
Other,Other,ok
Research,Advocates,wrong
Advocates,Advocates,ok
Other,Other,ok
Other,Patient,wrong
Advocates,Advocates,ok
Advocates,Patient,wrong
Other,Other,ok
Advocates,Other,wrong
Other,Other,ok
Patient,Advocates,wrong
HPO,HPO,ok
Advocates,Advocates,ok
Advocates,Patient,wrong
HPO,Advocates,wrong
Other,Other,ok
Other,Other,ok
Advocates,Other,wrong
HPI,HPO,wrong
Advocates,Advocates,ok
HPO,HPO,ok
Other,Other,ok
Advocates,Other,wrong
Other,Other,ok
Other,Advocates,wrong
Other,HPI,wrong
HPO,Advocates,wrong
Other,Other,ok
Other,Research,wrong
Other,HPI,wrong
Research,Research,ok
Advocates,HPI,wrong
Advocates,Patient,wrong
Patient,Advocates,wrong
Other,HPI,wrong
Other,Other,ok
Advocates,Other,wrong
Research,Advocates,wrong
Other,Other,ok
Other,Patient,wrong
HPI,Patient,wrong
Patient,HPI,wrong
Other,Other,ok
Other,Other,ok
Other,Other,ok
Research,HPI,wrong
Research,Research,ok
HPI,Advocates,wrong
Other,Other,ok
HPO,HPO,ok
Other,HPO,wrong
Research,Research,ok
Advocates,Advocates,ok
Advocates,HPO,wrong
Patient,Patient,ok
Other,HPO,wrong
Patient,Patient,ok
Patient,Advocates,wrong
Other,Other,ok
Advocates,Patient,wrong
Advocates,Other,wrong
Advocates,Advocates,ok
Research,Research,ok
HPO,Research,wrong
Patient,Patient,ok
HPI,Research,wrong
Research,Research,ok
Other,Patient,wrong
Advocates,Advocates,ok
Advocates,Research,wrong
Other,Advocates,wrong
Research,Research,ok
Research,Research,ok
Patient,Patient,ok
Patient,Advocates,wrong
Research,Research,ok
Other,Advocates,wrong
Research,HPO,wrong
Advocates,Other,wrong
Other,Other,ok
Advocates,HPI,wrong
Other,Other,ok
Other,Other,ok
Advocates,Other,wrong
Research,Advocates,wrong
Advocates,Advocates,ok
Other,Other,ok
Research,Research,ok
Research,Research,ok
Other,HPO,wrong
HPO,HPO,ok
Research,Research,ok
HPI,Advocates,wrong
Other,Other,ok
Other,Other,ok
Other,Patient,wrong
Other,Other,ok
Advocates,Patient,wrong
Advocates,Advocates,ok
HPO,Advocates,wrong
Other,Patient,wrong
Other,Other,ok
Other,Advocates,wrong
Advocates,Other,wrong
Advocates,HPI,wrong
Research,Advocates,wrong
Advocates,Advocates,ok
Advocates,Advocates,ok
Other,Advocates,wrong
Other,Other,ok
Other,Other,ok
Research,Advocates,wrong
Other,Other,ok
Other,Other,ok
Patient,Patient,ok
Other,Other,ok
Other,Other,ok
Advocates,Patient,wrong
Other,Other,ok
HPI,HPI,ok
HPI,Research,wrong
Other,Other,ok
HPI,Other,wrong
Research,Research,ok
Research,Advocates,wrong
Advocates,Advocates,ok
Advocates,Other,wrong
Advocates,Other,wrong
Advocates,Patient,wrong
Advocates,Advocates,ok
Advocates,Advocates,ok
Advocates,Patient,wrong
Advocates,Advocates,ok
Other,Other,ok
HPI,HPI,ok
HPI,Research,wrong
Advocates,HPO,wrong
Advocates,Advocates,ok
Other,Other,ok
Advocates,Other,wrong
Advocates,Patient,wrong
Advocates,HPI,wrong
Other,Research,wrong
HPO,HPI,wrong
Other,HPI,wrong
HPI,HPI,ok
Advocates,Patient,wrong
Other,Advocates,wrong
Advocates,Advocates,ok
Other,Other,ok
Patient,Patient,ok
Other,Research,wrong
HPI,Advocates,wrong
Other,Advocates,wrong
Advocates,Advocates,ok
Advocates,Advocates,ok
Research,Advocates,wrong
Advocates,Other,wrong
Patient,Patient,ok
Patient,Advocates,wrong
HPO,Advocates,wrong
HPO,Advocates,wrong
Advocates,Other,wrong
Advocates,Advocates,ok
Research,Research,ok
HPI,HPI,ok
Other,Research,wrong
Other,Other,ok
Other,Other,ok
Advocates,HPO,wrong
Other,Research,wrong
Advocates,Patient,wrong
Advocates,Advocates,ok
Advocates,Advocates,ok
Other,HPO,wrong
Patient,Other,wrong
Other,Other,ok
Other,Advocates,wrong
HPI,HPI,ok
Other,Other,ok
Advocates,Advocates,ok
HPO,Advocates,wrong
Other,Other,ok
HPI,Other,wrong
Advocates,Advocates,ok
HPO,HPO,ok
Research,Advocates,wrong
Other,Other,ok
Patient,Other,wrong
Other,Advocates,wrong
Advocates,Advocates,ok
Advocates,Other,wrong
Advocates,Advocates,ok
HPI,HPI,ok
Research,HPI,wrong
HPI,Research,wrong
Other,HPO,wrong
HPO,HPO,ok
Advocates,Advocates,ok
HPI,HPI,ok
HPO,Advocates,wrong
Advocates,Patient,wrong
Other,Other,ok
Advocates,Other,wrong
Other,Other,ok
Advocates,HPI,wrong
Advocates,Other,wrong
Other,Other,ok
Advocates,Advocates,ok
HPO,Advocates,wrong
Research,HPI,wrong
HPI,Research,wrong
Other,Other,ok
Patient,Patient,ok
Advocates,Advocates,ok
Advocates,Advocates,ok
Other,Advocates,wrong
HPI,Patient,wrong
Advocates,Advocates,ok
HPI,HPI,ok
Patient,Patient,ok
Other,HPI,wrong
HPI,Patient,wrong
Patient,HPI,wrong
Advocates,Advocates,ok
HPI,Patient,wrong
Patient,HPI,wrong
HPO,Advocates,wrong
Other,Advocates,wrong
Other,Advocates,wrong
Other,Advocates,wrong
HPI,Other,wrong
Advocates,Patient,wrong
Advocates,Advocates,ok
Advocates,Patient,wrong
Research,Advocates,wrong
Research,Advocates,wrong
Other,Other,ok
Advocates,HPO,wrong
HPO,Advocates,wrong
Advocates,Advocates,ok
Advocates,Other,wrong
Research,Research,ok
Other,HPO,wrong
Research,Research,ok
Patient,Patient,ok
Patient,Advocates,wrong
Advocates,Advocates,ok
Advocates,Advocates,ok
Other,Other,ok
Other,Other,ok
Advocates,Patient,wrong
Advocates,Advocates,ok
HPI,HPI,ok
HPI,Research,wrong
Other,Other,ok
Patient,Other,wrong
Other,Other,ok
Other,Other,ok
HPI,HPI,ok
HPO,HPO,ok
Research,Research,ok
Other,Other,ok
HPO,HPI,wrong
HPO,Research,wrong
Other,Advocates,wrong
HPI,HPI,ok
Other,Patient,wrong
Other,Other,ok
Advocates,Advocates,ok
Other,HPI,wrong
Research,Advocates,wrong
Other,Other,ok
Advocates,Patient,wrong
Patient,Advocates,wrong
Advocates,Advocates,ok
Other,HPI,wrong
Other,Other,ok
Advocates,Research,wrong
Other,Other,ok
Other,Patient,wrong
Research,Research,ok
Other,Other,ok
HPO,HPI,wrong
Other,HPO,wrong
Advocates,Advocates,ok
Advocates,Advocates,ok
Advocates,Advocates,ok
Advocates,HPO,wrong
Advocates,Other,wrong
HPO,HPO,ok
Other,Other,ok
HPI,HPI,ok
Other,HPO,wrong
Advocates,Advocates,ok
Other,Advocates,wrong
Advocates,Advocates,ok
Other,Other,ok
HPO,Advocates,wrong
HPO,Advocates,wrong
HPO,HPO,ok
Patient,Advocates,wrong
Advocates,Advocates,ok
HPI,Advocates,wrong
Other,Other,ok
HPI,HPO,wrong
Advocates,Other,wrong
HPO,HPO,ok
HPO,HPO,ok
HPO,Advocates,wrong
HPO,HPO,ok
Research,HPI,wrong
Research,Research,ok
Patient,Patient,ok
Other,Other,ok
Research,HPO,wrong
Research,HPI,wrong
Other,Advocates,wrong
Other,Other,ok
Advocates,Advocates,ok
Advocates,Advocates,ok
Advocates,HPO,wrong
Advocates,HPI,wrong
Other,Patient,wrong
HPI,Advocates,wrong
Advocates,HPI,wrong
Other,Other,ok
Other,Other,ok
Advocates,Patient,wrong
Other,Advocates,wrong
Other,HPI,wrong
Other,Other,ok
Advocates,Advocates,ok
HPI,Other,wrong
Research,Research,ok
Other,Other,ok
Advocates,Advocates,ok
Advocates,Other,wrong
Research,Advocates,wrong
HPO,HPO,ok
Other,Other,ok
Advocates,Advocates,ok
HPI,HPI,ok
Other,Other,ok
Other,Other,ok
Other,Other,ok
Other,Other,ok
Advocates,Patient,wrong
Advocates,Advocates,ok
Other,Patient,wrong
Advocates,Advocates,ok
Research,HPI,wrong
Research,Research,ok
HPI,HPI,ok
Advocates,Advocates,ok
HPI,Advocates,wrong
Advocates,Advocates,ok
Advocates,Patient,wrong
HPO,HPO,ok
Other,Other,ok
Other,Other,ok
Other,Advocates,wrong
Research,Other,wrong
HPI,HPI,ok
Advocates,Other,wrong
Advocates,Patient,wrong
Advocates,Advocates,ok
Other,Other,ok
Other,Other,ok
Other,Other,ok
Patient,Advocates,wrong
Other,Other,ok
Research,Research,ok
Research,Research,ok
Advocates,Advocates,ok
Other,Other,ok
Advocates,HPO,wrong
Advocates,Advocates,ok
HPI,HPI,ok
Advocates,Advocates,ok
Other,Other,ok
Other,Other,ok
Advocates,HPO,wrong
Other,Other,ok
HPO,HPO,ok
Advocates,Patient,wrong
Advocates,Advocates,ok
Other,HPI,wrong
Advocates,Research,wrong
Research,Research,ok
Advocates,HPI,wrong
Advocates,HPI,wrong
Advocates,Patient,wrong
HPI,HPI,ok
Other,Other,ok
Advocates,Other,wrong
Other,HPI,wrong
HPO,HPO,ok
Advocates,Research,wrong
Research,Research,ok
Other,Other,ok
Advocates,Advocates,ok
Other,Other,ok
Other,Patient,wrong
HPO,HPO,ok
Research,Research,ok
HPO,Research,wrong
HPO,HPO,ok
Other,Other,ok
Advocates,Patient,wrong
Advocates,Advocates,ok
Other,Advocates,wrong
Other,Other,ok
Other,Patient,wrong
Advocates,Other,wrong
Patient,Advocates,wrong
Patient,Advocates,wrong
Advocates,Advocates,ok
HPO,Advocates,wrong
Other,Other,ok
Other,Other,ok
HPO,Advocates,wrong
Other,Other,ok
Other,Other,ok
Advocates,Advocates,ok
Other,Other,ok
Other,Research,wrong
Patient,HPI,wrong
HPO,HPO,ok
Research,Advocates,wrong
Other,Other,ok
Other,Other,ok
Other,Advocates,wrong
HPO,HPO,ok
Other,HPO,wrong
Research,Research,ok
Advocates,Advocates,ok
HPI,HPI,ok
HPI,Research,wrong
Other,Advocates,wrong
Advocates,Advocates,ok
Advocates,Advocates,ok
Other,Other,ok
Patient,Advocates,wrong
Other,Research,wrong
Other,Research,wrong
Other,Other,ok
HPO,HPO,ok
Other,Advocates,wrong
HPI,Research,wrong
Other,Other,ok
Advocates,Other,wrong
Advocates,Advocates,ok
HPO,Other,wrong
Advocates,Advocates,ok
Other,Other,ok
Research,Advocates,wrong
Other,Other,ok
Other,Other,ok
Other,Other,ok
Advocates,Advocates,ok
Other,Other,ok
Other,Other,ok
Advocates,Advocates,ok
Advocates,Advocates,ok
Other,Other,ok
Other,Other,ok
HPI,HPI,ok
HPO,Other,wrong
HPO,HPO,ok
Advocates,Other,wrong
HPI,HPI,ok
HPI,HPI,ok
HPI,Research,wrong
HPI,HPI,ok
Advocates,HPO,wrong
Research,HPO,wrong
Advocates,Patient,wrong
Other,Other,ok
Other,Other,ok
Research,Research,ok
Advocates,Advocates,ok
Research,Research,ok
Other,Advocates,wrong
Other,HPI,wrong
Advocates,Advocates,ok
HPO,Advocates,wrong
Other,Other,ok
Advocates,Advocates,ok
Other,Other,ok
HPI,HPI,ok
Advocates,Advocates,ok
HPI,HPI,ok
HPI,Research,wrong
HPI,HPI,ok
HPI,HPI,ok
Other,HPI,wrong
Other,Other,ok
Other,Advocates,wrong
Other,Advocates,wrong
Research,Research,ok
Advocates,Other,wrong
Patient,Patient,ok
HPO,Other,wrong
Other,HPO,wrong
HPO,Advocates,wrong
HPI,Advocates,wrong
Other,Advocates,wrong
HPO,Advocates,wrong
HPO,Other,wrong
Advocates,Advocates,ok
Advocates,Advocates,ok
Advocates,HPO,wrong
Other,Other,ok
Advocates,Patient,wrong
Other,HPO,wrong
Patient,HPI,wrong
Advocates,Advocates,ok
Advocates,Advocates,ok
Other,Other,ok
Research,Research,ok
HPI,Research,wrong
HPO,HPO,ok
Advocates,HPO,wrong
Other,Advocates,wrong
Other,Advocates,wrong
Advocates,Patient,wrong
Other,Other,ok
Advocates,Other,wrong
Advocates,Advocates,ok
Research,Research,ok
Other,Other,ok
HPI,HPI,ok
Other,Other,ok
Advocates,Advocates,ok
Patient,Other,wrong
Patient,Patient,ok
Other,Other,ok
Other,Advocates,wrong
Other,Advocates,wrong
HPO,HPO,ok
Other,Other,ok
HPI,Other,wrong
Advocates,HPO,wrong
Other,Advocates,wrong
Research,HPI,wrong
Research,Research,ok
Advocates,Other,wrong
HPO,Research,wrong
Other,Other,ok
Research,Research,ok
Advocates,Advocates,ok
HPI,Other,wrong
Advocates,Advocates,ok
Research,Advocates,wrong
Other,HPI,wrong
HPI,HPI,ok
Research,Advocates,wrong
Advocates,Other,wrong
HPI,Patient,wrong
HPO,Advocates,wrong
HPO,HPO,ok
Advocates,Advocates,ok
Patient,Patient,ok
Patient,Advocates,wrong
Advocates,Advocates,ok
HPI,Other,wrong
Patient,Advocates,wrong
HPO,HPO,ok
HPO,HPO,ok
Advocates,Other,wrong
Other,Other,ok
HPI,Patient,wrong
Patient,HPI,wrong
Research,Advocates,wrong
Advocates,Other,wrong
Other,Other,ok
HPI,Advocates,wrong
Other,Other,ok
Other,Other,ok
Other,Advocates,wrong
HPO,Advocates,wrong
Other,Other,ok
Research,Research,ok
Other,Other,ok
HPO,Other,wrong
Advocates,Patient,wrong
Advocates,Advocates,ok
Other,Other,ok
Research,Research,ok
Other,Other,ok
Other,Research,wrong
Other,HPI,wrong
Advocates,HPI,wrong
Other,Patient,wrong
Other,Other,ok
Advocates,Advocates,ok
Advocates,Other,wrong
Other,Advocates,wrong
Other,Other,ok
Advocates,Advocates,ok
Other,Other,ok
Advocates,Advocates,ok
Research,HPI,wrong
Research,Research,ok
Other,Patient,wrong
Research,Research,ok
Advocates,Advocates,ok
HPO,HPO,ok
Advocates,Advocates,ok
HPO,HPO,ok
Other,HPI,wrong
Other,Other,ok
Advocates,Advocates,ok
Patient,Patient,ok
Other,HPI,wrong
Other,Other,ok
Research,Patient,wrong
Other,HPO,wrong
Advocates,Advocates,ok
Other,Other,ok
Other,HPO,wrong
HPI,HPO,wrong
Other,Other,ok
Research,HPI,wrong
HPI,HPO,wrong
Other,Other,ok
Other,Patient,wrong
Patient,Patient,ok
Patient,Advocates,wrong
Other,Other,ok
Patient,Patient,ok
Research,Research,ok
Other,Other,ok
Advocates,Advocates,ok
Other,Other,ok
Other,Other,ok
Other,Other,ok
Patient,Other,wrong
Advocates,Advocates,ok
Advocates,Advocates,ok
Other,Other,ok
HPO,HPO,ok
Advocates,Advocates,ok
HPI,HPI,ok
Patient,Advocates,wrong
Other,Other,ok
Research,Research,ok
Advocates,Advocates,ok
Advocates,Advocates,ok
Advocates,Advocates,ok
HPI,Other,wrong
Other,Other,ok
Advocates,HPO,wrong
Advocates,HPI,wrong
Other,Patient,wrong
Advocates,Research,wrong
Other,Other,ok
Advocates,Advocates,ok
Advocates,Patient,wrong
Research,Research,ok
Research,HPI,wrong
Other,Other,ok
Advocates,Advocates,ok
HPI,HPI,ok
Other,HPI,wrong
Advocates,Advocates,ok
Other,Other,ok
Advocates,Advocates,ok
Other,Other,ok
Advocates,Advocates,ok
Other,Other,ok
Advocates,Patient,wrong
Other,Other,ok
HPO,Other,wrong
Other,Other,ok
Other,Other,ok
HPI,HPO,wrong
Advocates,Advocates,ok
Other,Advocates,wrong
Other,HPI,wrong
Patient,HPO,wrong
Advocates,Other,wrong
HPO,HPO,ok
Advocates,Advocates,ok
Patient,Advocates,wrong
Research,Research,ok
Advocates,Advocates,ok
Advocates,Advocates,ok
HPI,Advocates,wrong
Other,Advocates,wrong
HPO,Advocates,wrong
HPI,Other,wrong
Other,Other,ok
HPI,Other,wrong
HPI,HPI,ok
Advocates,Patient,wrong
HPI,HPI,ok
Other,Other,ok
HPI,Research,wrong
Other,Research,wrong
Advocates,Other,wrong
Other,Other,ok
Research,Other,wrong
Other,Other,ok
Other,Other,ok
Advocates,Other,wrong
Advocates,Advocates,ok
Other,Other,ok
Research,Research,ok
Other,Other,ok
HPI,Research,wrong
HPO,HPO,ok
Advocates,HPO,wrong
Other,Other,ok
Other,Other,ok
Patient,Patient,ok
HPO,HPI,wrong
Research,Research,ok
HPI,HPI,ok
Research,Research,ok
Other,Other,ok
Other,Other,ok
Other,Other,ok
Advocates,Advocates,ok
Advocates,Advocates,ok
Other,Other,ok
Other,HPO,wrong
HPO,Other,wrong
Other,Other,ok
Advocates,Other,wrong
Other,Other,ok
Advocates,Other,wrong
Research,Research,ok
Other,Other,ok
Research,HPO,wrong
Research,Advocates,wrong
Advocates,HPO,wrong
Research,Research,ok
Other,Other,ok
Other,Other,ok
Advocates,Advocates,ok
Other,Patient,wrong
Advocates,Advocates,ok
Advocates,Other,wrong
Advocates,Research,wrong
Advocates,HPO,wrong
Advocates,HPO,wrong
Other,Other,ok
Advocates,Advocates,ok
Other,Patient,wrong
HPI,Advocates,wrong
Other,HPO,wrong
Patient,Patient,ok
Patient,Patient,ok
Advocates,Research,wrong
Advocates,Advocates,ok
Other,HPI,wrong
Other,Other,ok
HPO,Advocates,wrong
Other,Other,ok
HPO,HPI,wrong
Advocates,Other,wrong
Patient,HPO,wrong
Other,Advocates,wrong
HPO,HPO,ok
Other,Advocates,wrong
Other,Other,ok
HPI,HPI,ok
HPI,HPI,ok
Other,Other,ok
Other,Other,ok
Advocates,Advocates,ok
Advocates,Advocates,ok
Advocates,HPO,wrong
HPO,HPO,ok
Other,Other,ok
HPI,Other,wrong
Other,Other,ok
HPI,HPI,ok
Research,Patient,wrong
Patient,Other,wrong
Other,Other,ok
Other,Other,ok
HPI,HPI,ok
HPI,Research,wrong
Other,HPI,wrong
Other,Patient,wrong
Other,Other,ok
Advocates,Other,wrong
Other,Advocates,wrong
HPI,HPI,ok
Other,Other,ok
Other,Other,ok
Other,Other,ok
Advocates,Other,wrong
HPI,HPI,ok
Other,Other,ok
Other,Other,ok
Advocates,HPI,wrong
Advocates,Advocates,ok
Advocates,Advocates,ok
Other,Other,ok
Other,Other,ok
Advocates,Advocates,ok
HPO,HPI,wrong
Other,Advocates,wrong
Other,Other,ok
Other,Other,ok
Advocates,Advocates,ok
Advocates,Advocates,ok
HPI,Advocates,wrong
Other,Patient,wrong
HPI,Advocates,wrong
HPO,Advocates,wrong
HPI,HPI,ok
Other,HPI,wrong
Advocates,Advocates,ok
Research,HPI,wrong
Advocates,Advocates,ok
HPI,Patient,wrong
Patient,HPI,wrong
Other,Other,ok
Other,Other,ok
HPI,Advocates,wrong
Other,HPO,wrong
HPO,Patient,wrong
Patient,Other,wrong
Other,HPI,wrong
Other,Other,ok
Advocates,Advocates,ok
HPO,HPO,ok
HPO,HPO,ok
Advocates,Advocates,ok
Advocates,Advocates,ok
Advocates,Advocates,ok
Other,Other,ok
HPI,Advocates,wrong
Advocates,Advocates,ok
Advocates,Advocates,ok
Research,HPI,wrong
HPI,Research,wrong
Other,Advocates,wrong
Advocates,Research,wrong
Research,Advocates,wrong
Advocates,Advocates,ok
Advocates,Advocates,ok
Advocates,Advocates,ok
Advocates,Advocates,ok
Research,Research,ok
Advocates,Other,wrong
Other,Advocates,wrong
Other,Other,ok
Patient,Other,wrong
Other,Other,ok
Other,Other,ok
Other,Other,ok
Advocates,Advocates,ok
Patient,Other,wrong
HPI,HPI,ok
HPO,Other,wrong
Other,Other,ok
Other,Other,ok
HPO,HPO,ok
Other,Research,wrong
HPO,HPO,ok
Advocates,Advocates,ok
Advocates,Other,wrong
Other,Other,ok
Patient,Advocates,wrong
Other,Other,ok
Other,Other,ok
Research,Research,ok
Other,Other,ok
Research,HPI,wrong
Patient,Other,wrong
Other,Patient,wrong
Other,Advocates,wrong
Advocates,Advocates,ok
HPI,HPI,ok
Other,Other,ok
HPI,Advocates,wrong
Advocates,HPI,wrong
HPO,HPO,ok
HPI,HPI,ok
Advocates,Other,wrong
HPI,HPI,ok
HPI,HPI,ok
Other,Other,ok
Other,Advocates,wrong
Advocates,Advocates,ok
Advocates,Advocates,ok
Other,Other,ok
Other,Other,ok
HPI,Research,wrong
Other,Other,ok
Advocates,Advocates,ok
Advocates,Advocates,ok
Other,Other,ok
Advocates,Advocates,ok
Patient,Advocates,wrong
Other,Advocates,wrong
HPI,Patient,wrong
HPI,Advocates,wrong
Advocates,Advocates,ok
HPI,HPI,ok
HPI,Other,wrong
Other,Other,ok
Other,Other,ok
HPI,Patient,wrong
Patient,HPI,wrong
Other,Other,ok
Other,Other,ok
Research,Research,ok
Other,Other,ok
Advocates,Advocates,ok
Advocates,HPI,wrong
Research,Research,ok
HPO,HPO,ok
Other,Other,ok
Advocates,Other,wrong
Other,Other,ok
Other,Other,ok
Other,Other,ok
Advocates,Advocates,ok
Other,Other,ok
Research,Patient,wrong
Research,Research,ok
HPI,HPI,ok
Advocates,Advocates,ok
Advocates,Advocates,ok
Other,Other,ok
Research,Research,ok
HPO,HPO,ok
Research,Research,ok
Other,Other,ok
Other,Other,ok
Research,Advocates,wrong
Research,Research,ok
HPI,HPI,ok
Other,Other,ok
Advocates,Advocates,ok
HPO,HPO,ok
Research,Research,ok
HPI,HPI,ok
HPI,Other,wrong
HPO,Advocates,wrong
Other,HPI,wrong
Patient,Patient,ok
Other,Other,ok
Research,HPO,wrong
Other,HPO,wrong
Other,Advocates,wrong
Other,Advocates,wrong
Other,Other,ok
Advocates,Advocates,ok
HPI,HPO,wrong
Other,Other,ok
Advocates,HPO,wrong
HPI,Patient,wrong
Patient,HPI,wrong
HPI,Other,wrong
Research,Research,ok
Patient,Other,wrong
HPI,HPI,ok
Advocates,Other,wrong
Research,Other,wrong
HPI,HPI,ok
Other,Other,ok
Research,Research,ok
HPO,HPO,ok
Other,Advocates,wrong
Advocates,Advocates,ok
Other,Other,ok
Advocates,Patient,wrong
Other,Advocates,wrong
Patient,Other,wrong
Advocates,Patient,wrong
Patient,Patient,ok
Other,Other,ok
Other,Other,ok
Advocates,Advocates,ok
Patient,HPI,wrong
HPO,Other,wrong
Other,Advocates,wrong
Advocates,Advocates,ok
Other,Other,ok
Other,Other,ok
Other,Advocates,wrong
HPI,Advocates,wrong
Other,Other,ok
Advocates,Advocates,ok
Other,Research,wrong
Other,Other,ok
Advocates,Advocates,ok
Research,Other,wrong
Other,Other,ok
Other,Other,ok
Other,Advocates,wrong
Advocates,Advocates,ok
Advocates,Advocates,ok
Advocates,Advocates,ok
Advocates,HPO,wrong
Advocates,Advocates,ok
Other,Other,ok
Advocates,Advocates,ok
HPI,Advocates,wrong
Other,Other,ok
Other,Other,ok
Advocates,Patient,wrong
Other,Other,ok
HPI,Other,wrong
Advocates,Advocates,ok
HPI,Patient,wrong
Patient,HPI,wrong
Advocates,Patient,wrong
Patient,Advocates,wrong
Advocates,Advocates,ok
Advocates,Advocates,ok
Other,HPO,wrong
Research,Research,ok
Other,Other,ok
HPI,HPI,ok
Advocates,Advocates,ok
Advocates,Advocates,ok
Other,Other,ok
HPI,HPI,ok
HPO,HPO,ok
Other,Other,ok
Other,Advocates,wrong
Patient,Patient,ok
Advocates,Advocates,ok
HPI,HPI,ok
Advocates,HPI,wrong
Other,Other,ok
Other,HPO,wrong
HPI,HPI,ok
Other,Advocates,wrong
Advocates,Research,wrong
Other,Other,ok
Research,Research,ok
Advocates,Research,wrong
Patient,Patient,ok
Other,Other,ok
HPO,Other,wrong
Other,Other,ok
Patient,Advocates,wrong
Advocates,Patient,wrong
HPI,Advocates,wrong
Advocates,Advocates,ok
Other,Other,ok
Other,Other,ok
Advocates,Advocates,ok
Other,Advocates,wrong
Other,Other,ok
Research,Advocates,wrong
HPO,HPI,wrong
HPI,HPI,ok
Advocates,Advocates,ok
Other,Other,ok
HPI,HPI,ok
Advocates,Advocates,ok
Advocates,Other,wrong
Other,Other,ok
Other,HPI,wrong
Advocates,Advocates,ok
HPO,Other,wrong
Patient,Patient,ok
Patient,Advocates,wrong
Other,Other,ok
Advocates,HPO,wrong
Research,Research,ok
Other,Other,ok
Patient,Patient,ok
HPI,Research,wrong
HPO,HPO,ok
Research,Advocates,wrong
Advocates,Advocates,ok
Other,Other,ok
Other,Other,ok
Advocates,Advocates,ok
Other,Other,ok
HPI,Advocates,wrong
Other,Other,ok
Other,Other,ok
Advocates,Advocates,ok
Advocates,Advocates,ok
Other,Other,ok
Other,Other,ok
Other,Research,wrong
Other,Other,ok
HPO,Advocates,wrong
Advocates,Other,wrong
Advocates,Patient,wrong
Advocates,Advocates,ok
Research,HPI,wrong
Research,Research,ok
Research,Research,ok
Advocates,Patient,wrong
Advocates,Advocates,ok
Other,Other,ok
Advocates,HPO,wrong
Other,Other,ok
Other,HPI,wrong
HPO,Advocates,wrong
Other,Other,ok
Other,HPI,wrong
Advocates,Other,wrong
HPO,HPO,ok
Other,HPI,wrong
Advocates,Other,wrong
Other,HPO,wrong
Advocates,Advocates,ok
Other,Other,ok
Advocates,Advocates,ok
Other,Advocates,wrong
Patient,Other,wrong
Advocates,Advocates,ok
Research,Research,ok
Advocates,Other,wrong
HPI,Other,wrong
Advocates,Advocates,ok
Advocates,HPI,wrong
Patient,Advocates,wrong
HPI,HPI,ok
Other,Other,ok
Advocates,Other,wrong
Other,Patient,wrong
Research,HPO,wrong
Advocates,Patient,wrong
Advocates,Other,wrong
Research,Research,ok
Patient,Research,wrong
Research,Research,ok
Other,Advocates,wrong
Other,Other,ok
Advocates,Advocates,ok
Advocates,Advocates,ok
Advocates,Advocates,ok
Advocates,Advocates,ok
Advocates,Advocates,ok
Other,Other,ok
Advocates,Advocates,ok
Research,Advocates,wrong
Advocates,Advocates,ok
Advocates,HPO,wrong
Research,Other,wrong
Advocates,Advocates,ok
Research,HPI,wrong
HPO,HPO,ok
Research,Research,ok
HPO,Advocates,wrong
HPO,Advocates,wrong
Patient,Other,wrong
Other,Other,ok
Advocates,Advocates,ok
Advocates,Advocates,ok
HPI,HPI,ok
Advocates,Advocates,ok
Advocates,Advocates,ok
Other,Other,ok
Other,Patient,wrong
Advocates,Advocates,ok
Advocates,Other,wrong
Other,Research,wrong
Advocates,Advocates,ok
HPI,Advocates,wrong
Other,Other,ok
HPO,Research,wrong
Advocates,Advocates,ok
HPO,Other,wrong
Advocates,Patient,wrong
Advocates,Advocates,ok
Advocates,Advocates,ok
Other,Other,ok
Advocates,Advocates,ok
Advocates,Research,wrong
Other,Patient,wrong
HPI,HPI,ok
Patient,Patient,ok
Other,HPI,wrong
Research,Advocates,wrong
Research,Advocates,wrong
Advocates,Patient,wrong
Other,Advocates,wrong
Advocates,Patient,wrong
Advocates,Advocates,ok
Research,Research,ok
Other,Other,ok
Other,Other,ok
Advocates,Advocates,ok
HPO,Other,wrong
HPI,Advocates,wrong
Advocates,HPI,wrong
Advocates,Advocates,ok
Other,Advocates,wrong
Advocates,Advocates,ok
Other,Other,ok
Advocates,Patient,wrong
Advocates,HPI,wrong
Other,Other,ok
Other,HPI,wrong
Research,Research,ok
Other,Other,ok
Other,Patient,wrong
Other,Research,wrong
Other,Other,ok
HPI,Advocates,wrong
Advocates,Advocates,ok
Patient,Patient,ok
Advocates,Patient,wrong
Advocates,Other,wrong
Other,Other,ok
Other,Patient,wrong
Other,Other,ok
HPI,Other,wrong
Research,HPI,wrong
HPI,Research,wrong
Other,Other,ok
Other,Other,ok
Other,Other,ok
HPI,HPI,ok
Other,Other,ok
Advocates,Advocates,ok
Other,Other,ok
Other,Other,ok
Advocates,Advocates,ok
Other,Research,wrong
Other,Advocates,wrong
HPI,Advocates,wrong
Research,Research,ok
HPI,Research,wrong
HPI,HPI,ok
Other,Patient,wrong
Other,Advocates,wrong
Advocates,Advocates,ok
Other,Other,ok
Patient,Other,wrong
HPO,HPO,ok
Research,Research,ok
Other,Advocates,wrong
Advocates,Advocates,ok
Other,Other,ok
HPI,Research,wrong
Other,Other,ok
Other,Other,ok
Other,Other,ok
Other,HPO,wrong
Patient,Research,wrong
HPO,HPO,ok
Other,Research,wrong
Other,Other,ok
Advocates,Advocates,ok
Advocates,Patient,wrong
Other,Other,ok
Patient,Other,wrong
Advocates,Research,wrong
Other,Other,ok
Other,Other,ok
Other,Other,ok
Advocates,Research,wrong
Advocates,Research,wrong
Other,Other,ok
Research,Advocates,wrong
Other,Other,ok
Advocates,Patient,wrong
Other,Other,ok
Other,Advocates,wrong
Advocates,Advocates,ok
Research,HPI,wrong
Research,Research,ok
Patient,Advocates,wrong
Other,Other,ok
Other,Advocates,wrong
Other,Other,ok
Other,Other,ok
Other,Advocates,wrong
Other,Patient,wrong
Advocates,Advocates,ok
Other,Other,ok
Advocates,Patient,wrong
Patient,Advocates,wrong
HPO,Other,wrong
Other,Advocates,wrong
Advocates,Advocates,ok
Other,HPI,wrong
Advocates,Research,wrong
Advocates,Advocates,ok
Advocates,Other,wrong
Advocates,Advocates,ok
Patient,HPI,wrong
Patient,Research,wrong
Advocates,Advocates,ok
HPO,HPO,ok
Advocates,Advocates,ok
Other,Patient,wrong
Advocates,HPI,wrong
HPI,HPI,ok
Advocates,HPO,wrong
HPI,HPI,ok
HPI,Research,wrong
Other,Other,ok
Other,Patient,wrong
Patient,Patient,ok
Patient,Advocates,wrong
Advocates,Advocates,ok
HPI,HPI,ok
Patient,Other,wrong
HPI,HPI,ok
Advocates,Other,wrong
HPO,Other,wrong
Other,Other,ok
Other,Advocates,wrong
Patient,Patient,ok
Advocates,HPO,wrong
Other,Other,ok
Advocates,HPI,wrong
Research,Research,ok
Advocates,Patient,wrong
Advocates,Advocates,ok
Other,Other,ok
Other,Advocates,wrong
Other,Other,ok
Advocates,Advocates,ok
Advocates,Research,wrong
Other,Advocates,wrong
Other,Advocates,wrong
Patient,HPI,wrong
HPI,Advocates,wrong
Advocates,Advocates,ok
Other,Other,ok
HPI,HPI,ok
Advocates,Advocates,ok
Research,Research,ok
Patient,Advocates,wrong
Other,Other,ok
Research,Research,ok
Other,Other,ok
Advocates,Patient,wrong
Advocates,Advocates,ok
Other,Other,ok
Other,Other,ok
Advocates,Advocates,ok
Advocates,Research,wrong
Advocates,HPO,wrong
Other,Other,ok
Advocates,HPO,wrong
Advocates,HPO,wrong
Other,Advocates,wrong
Other,Other,ok
Advocates,Advocates,ok
HPO,HPO,ok
HPI,Patient,wrong
Other,Other,ok
Other,Patient,wrong
Advocates,Advocates,ok
Advocates,Other,wrong
HPO,Research,wrong
Other,Other,ok
Advocates,Advocates,ok
HPI,Advocates,wrong
Other,Other,ok
Advocates,Advocates,ok
Other,Other,ok
HPI,HPI,ok
HPI,HPI,ok
HPO,HPO,ok
HPO,HPO,ok
Research,Other,wrong
Other,Other,ok
Advocates,HPO,wrong
Other,Other,ok
Advocates,Research,wrong
Advocates,Patient,wrong
Advocates,Advocates,ok
Advocates,Advocates,ok
HPO,Advocates,wrong
Advocates,Advocates,ok
Advocates,Advocates,ok
HPO,HPO,ok
HPI,Advocates,wrong
Other,HPO,wrong
Advocates,Advocates,ok
Other,HPI,wrong
HPO,HPO,ok
Other,Other,ok
Advocates,Advocates,ok
Other,Other,ok
Other,Other,ok
HPI,HPI,ok
Other,Other,ok
Other,HPI,wrong
Other,Other,ok
HPI,Patient,wrong
HPI,HPI,ok
Patient,Patient,ok
Patient,Patient,ok
Patient,Advocates,wrong
Other,Advocates,wrong
Advocates,Advocates,ok
Other,Advocates,wrong
Other,Other,ok
Advocates,Advocates,ok
Other,Other,ok
Research,Advocates,wrong
Research,Research,ok
Research,Research,ok
HPI,HPI,ok
Other,HPI,wrong
Other,Patient,wrong
Other,Other,ok
Research,Other,wrong
HPO,Advocates,wrong
Other,Advocates,wrong
Advocates,HPO,wrong
HPI,HPI,ok
Advocates,Advocates,ok
Other,Other,ok
HPO,HPO,ok
Other,Other,ok
Advocates,Advocates,ok
Advocates,Advocates,ok
Advocates,Research,wrong
HPO,HPO,ok
Other,Other,ok
Advocates,Advocates,ok
Advocates,HPI,wrong
HPI,Other,wrong
Advocates,Advocates,ok
HPI,Other,wrong
Patient,Advocates,wrong
Other,Other,ok
Other,Other,ok
Advocates,Advocates,ok
Advocates,HPI,wrong
Other,Other,ok
Other,Other,ok
Other,Advocates,wrong
Advocates,HPI,wrong
Patient,HPO,wrong
Other,Other,ok
Other,Other,ok
Research,Research,ok
Advocates,HPO,wrong
Advocates,Patient,wrong
Advocates,HPI,wrong
HPO,Other,wrong
Advocates,Patient,wrong
Advocates,Advocates,ok
Advocates,Advocates,ok
Other,Other,ok
Other,Other,ok
Other,Other,ok
Advocates,Advocates,ok
Other,Patient,wrong
Other,Other,ok
Other,Advocates,wrong
Advocates,Advocates,ok
HPI,HPI,ok
Advocates,Advocates,ok
Advocates,Advocates,ok
Research,Patient,wrong
Research,Research,ok
Advocates,Advocates,ok
Other,Other,ok
Other,Patient,wrong
Other,Other,ok
Research,Research,ok
Other,Patient,wrong
Research,Research,ok
Advocates,Advocates,ok
HPO,HPI,wrong
Other,Advocates,wrong
Research,Research,ok
HPI,Research,wrong
HPI,Other,wrong
Advocates,Advocates,ok
Other,Other,ok
HPO,Advocates,wrong
Advocates,Other,wrong
Research,Advocates,wrong
Advocates,Advocates,ok
Research,Research,ok
Other,Other,ok
Other,Other,ok
Other,Research,wrong
Other,Other,ok
Advocates,Other,wrong
Advocates,HPI,wrong
Patient,Other,wrong
Patient,Other,wrong
Other,Other,ok
Other,Advocates,wrong
Other,Other,ok
Other,Other,ok
Other,Other,ok
Advocates,HPO,wrong
Advocates,Research,wrong
Other,Other,ok
Patient,Patient,ok
Patient,Advocates,wrong
Other,Research,wrong
Research,HPI,wrong
Other,HPI,wrong
Patient,Patient,ok
Patient,Advocates,wrong
Advocates,Patient,wrong
HPO,Advocates,wrong
Patient,Patient,ok
HPI,Advocates,wrong
Advocates,Advocates,ok
Other,Other,ok
Other,Other,ok
Advocates,Advocates,ok
Other,HPI,wrong
HPI,HPI,ok
Other,Other,ok
Advocates,Other,wrong
HPO,HPO,ok
Advocates,Advocates,ok
Research,Research,ok
Patient,Patient,ok
Patient,Advocates,wrong
Advocates,Other,wrong
Advocates,Other,wrong
Research,Research,ok
Research,Research,ok
Research,HPI,wrong
HPI,Research,wrong
Other,Other,ok
Other,Other,ok
HPI,Other,wrong
Research,Research,ok
HPI,Advocates,wrong
Patient,Other,wrong
Advocates,Research,wrong
Patient,Patient,ok
Other,Other,ok
HPI,HPO,wrong
Other,Other,ok
Other,Other,ok
HPI,Other,wrong
Advocates,Other,wrong
HPI,Research,wrong
HPO,Other,wrong
Advocates,Advocates,ok
Research,Advocates,wrong
HPO,Advocates,wrong
Other,Advocates,wrong
Research,Other,wrong
Other,Advocates,wrong
Other,Advocates,wrong
Advocates,Patient,wrong
Patient,Advocates,wrong
Other,Patient,wrong
Other,Other,ok
Other,Other,ok
Advocates,HPI,wrong
Research,Research,ok
Advocates,Research,wrong
Other,Other,ok
Advocates,Advocates,ok
Research,Research,ok
HPO,HPO,ok
Other,Advocates,wrong
HPI,Advocates,wrong
Other,Other,ok
Other,Other,ok
Other,Other,ok
Other,Other,ok
Other,Advocates,wrong
Other,Other,ok
Other,Patient,wrong
Research,Other,wrong
HPO,HPO,ok
HPO,HPO,ok
Advocates,Advocates,ok
Research,Research,ok
Advocates,HPO,wrong
Other,HPO,wrong
Other,Other,ok
Other,Other,ok
Other,Other,ok
Advocates,Advocates,ok
Research,Research,ok
HPO,Other,wrong
Other,Other,ok
Other,Patient,wrong
Research,Research,ok
Research,Research,ok
Other,Advocates,wrong
Advocates,Advocates,ok
HPI,Other,wrong
Patient,Patient,ok
Advocates,Advocates,ok
Other,Other,ok
Other,Advocates,wrong
Research,Research,ok
Other,HPO,wrong
Advocates,Advocates,ok
Other,Other,ok
Other,Other,ok
Advocates,Advocates,ok
Other,Other,ok
Research,Research,ok
Advocates,HPO,wrong
Research,HPI,wrong
Other,Advocates,wrong
Other,Patient,wrong
Advocates,Advocates,ok
HPO,HPO,ok
HPO,HPO,ok
Advocates,HPI,wrong
Advocates,Advocates,ok
Research,Other,wrong
Other,Other,ok
Advocates,Advocates,ok
Advocates,Other,wrong
Patient,Advocates,wrong
Other,Other,ok
Research,Research,ok
Research,Research,ok
HPI,Advocates,wrong
Patient,Patient,ok
Other,Other,ok
Research,Research,ok
Other,Other,ok
Other,HPO,wrong
Research,HPO,wrong
Research,HPI,wrong
Research,Research,ok
Research,Research,ok
Other,Advocates,wrong
Advocates,Advocates,ok
Research,HPO,wrong
HPI,HPO,wrong
Advocates,Advocates,ok
Advocates,Other,wrong
Other,Other,ok
Other,Other,ok
Other,Other,ok
Other,Other,ok
Research,HPI,wrong
Research,Research,ok
Other,Other,ok
Advocates,Advocates,ok
Other,Advocates,wrong
Research,Advocates,wrong
Patient,Patient,ok
Other,Other,ok
Advocates,Other,wrong
Advocates,Advocates,ok
Other,Advocates,wrong
Advocates,Advocates,ok
Other,Research,wrong
HPI,Advocates,wrong
Advocates,Advocates,ok
Research,Research,ok
Advocates,Advocates,ok
Advocates,Advocates,ok
Other,Other,ok
Patient,Patient,ok
Advocates,Advocates,ok
Other,HPI,wrong
Other,Research,wrong
HPI,Other,wrong
Advocates,Advocates,ok
Advocates,Advocates,ok
HPO,Patient,wrong
HPO,Advocates,wrong
Patient,Patient,ok
HPO,Research,wrong
Patient,Other,wrong
HPI,HPI,ok
Other,Research,wrong
HPI,HPI,ok
Other,Other,ok
Other,Advocates,wrong
Other,Other,ok
Research,Research,ok
Advocates,Advocates,ok
Advocates,Advocates,ok
Research,Other,wrong
HPO,Advocates,wrong
Other,Other,ok
Advocates,Advocates,ok
Other,HPO,wrong
Other,Advocates,wrong
Advocates,HPI,wrong
Other,Patient,wrong
Other,Advocates,wrong
Other,Advocates,wrong
Other,Research,wrong
Other,Research,wrong
Advocates,Advocates,ok
HPI,Research,wrong
Advocates,Advocates,ok
HPO,Advocates,wrong
Advocates,Other,wrong
Other,HPI,wrong
Advocates,Advocates,ok
Advocates,Advocates,ok
Other,Other,ok
Advocates,Advocates,ok
Advocates,Advocates,ok
Research,Advocates,wrong
Other,Other,ok
Research,HPI,wrong
Research,Research,ok
Advocates,Patient,wrong
Advocates,Advocates,ok
HPI,Advocates,wrong
HPO,Advocates,wrong
Advocates,Patient,wrong
Advocates,Advocates,ok
Other,Other,ok
HPI,Research,wrong
Advocates,Advocates,ok
Other,Other,ok
Other,Other,ok
Advocates,Other,wrong
Advocates,HPO,wrong
HPO,Advocates,wrong
HPO,Other,wrong
Patient,Advocates,wrong
HPO,HPO,ok
Research,Research,ok
Other,Other,ok
Advocates,Research,wrong
HPI,HPI,ok
Research,HPI,wrong
Research,Research,ok
Advocates,Advocates,ok
HPO,Patient,wrong
HPO,HPI,wrong
Patient,Patient,ok
Other,Other,ok
Other,Other,ok
HPI,HPO,wrong
Other,Other,ok
Other,Advocates,wrong
Other,Other,ok
HPI,HPI,ok
Other,Other,ok
Advocates,Advocates,ok
Research,Other,wrong
Research,Research,ok
Advocates,Advocates,ok
Other,Other,ok
HPI,HPI,ok
Other,Advocates,wrong
HPI,HPI,ok
Advocates,Advocates,ok
Patient,Patient,ok
HPI,Other,wrong
HPI,HPI,ok
HPO,Advocates,wrong
HPO,Advocates,wrong
Advocates,Advocates,ok
Advocates,HPI,wrong
Other,Other,ok
Advocates,Advocates,ok
Other,Other,ok
Other,Advocates,wrong
Other,Other,ok
HPO,HPI,wrong
Other,Advocates,wrong
Other,Other,ok
Advocates,Advocates,ok
Other,Advocates,wrong
Other,Advocates,wrong
Other,Other,ok
HPO,Other,wrong
Advocates,Patient,wrong
Advocates,Advocates,ok
HPI,HPI,ok
Research,Research,ok
Other,Other,ok
HPO,HPO,ok
Advocates,Patient,wrong
Advocates,Research,wrong
HPI,Research,wrong
HPI,HPO,wrong
Other,HPI,wrong
Other,Other,ok
Other,Other,ok
Advocates,Other,wrong
Research,Research,ok
Advocates,Other,wrong
Other,Patient,wrong
Advocates,Patient,wrong
Advocates,Advocates,ok
HPI,HPI,ok
Other,Other,ok
Other,Other,ok
Advocates,Patient,wrong
Advocates,Advocates,ok
Advocates,Advocates,ok
Advocates,Research,wrong
Advocates,Research,wrong
Other,Other,ok
HPI,HPI,ok
Advocates,Patient,wrong
Advocates,Advocates,ok
Other,Research,wrong
Advocates,Advocates,ok
HPI,Advocates,wrong
Other,Other,ok
Other,Other,ok
Advocates,Advocates,ok
Other,Other,ok
Other,HPI,wrong
Advocates,Advocates,ok
Advocates,Advocates,ok
Other,Advocates,wrong
Other,Other,ok
Other,Other,ok
Research,Other,wrong
Other,Patient,wrong
Advocates,Advocates,ok
Advocates,Advocates,ok
Advocates,Patient,wrong
HPI,HPI,ok
Other,Other,ok
Patient,Advocates,wrong
Advocates,HPI,wrong
Advocates,HPO,wrong
Other,Other,ok
Other,Other,ok
HPI,Advocates,wrong
Advocates,HPI,wrong
Advocates,Advocates,ok
Other,Other,ok
Other,Other,ok
HPI,HPI,ok
Advocates,Advocates,ok
Advocates,Advocates,ok
Other,HPI,wrong
HPI,HPI,ok
Research,Research,ok
Research,Research,ok
HPI,HPI,ok
Advocates,Advocates,ok
Other,Other,ok
Other,Advocates,wrong
Advocates,Research,wrong
Other,HPO,wrong
Other,Other,ok
Other,Other,ok
HPO,Other,wrong
HPI,Advocates,wrong
Other,Other,ok
HPO,Other,wrong
Research,Research,ok
Other,Other,ok
Other,Patient,wrong
Advocates,Patient,wrong
Other,Other,ok
Patient,Patient,ok
Other,Other,ok
Other,HPI,wrong
Advocates,HPI,wrong
Other,Other,ok
Patient,Patient,ok
HPO,HPO,ok
Other,Advocates,wrong
HPO,HPI,wrong
Other,Patient,wrong
Advocates,Research,wrong
Research,HPO,wrong
Other,Patient,wrong
HPI,Research,wrong
Patient,Patient,ok
Research,Other,wrong
HPO,HPO,ok
Advocates,Advocates,ok
Advocates,Advocates,ok
Advocates,HPO,wrong
Research,Research,ok
Other,Other,ok
Other,Advocates,wrong
Other,Advocates,wrong
Other,Other,ok
Other,Patient,wrong
Other,Other,ok
Other,Other,ok
Other,Other,ok
Advocates,Advocates,ok
Patient,Patient,ok
Research,Advocates,wrong
Advocates,Advocates,ok
Other,Other,ok
Advocates,Research,wrong
Other,Advocates,wrong
HPI,Patient,wrong
HPI,HPI,ok
Advocates,Advocates,ok
Other,Other,ok
HPI,HPI,ok
Advocates,Advocates,ok
Research,Research,ok
Patient,Advocates,wrong
HPI,HPI,ok
HPI,HPI,ok
HPI,Research,wrong
Other,Other,ok
Other,Other,ok
Advocates,Advocates,ok
Other,Other,ok
Research,HPI,wrong
Advocates,Advocates,ok
Research,Research,ok
Research,Other,wrong
Research,HPO,wrong
Research,Research,ok
Research,HPI,wrong
Other,Advocates,wrong
Advocates,Advocates,ok
HPO,HPI,wrong
Other,Other,ok
Research,Research,ok
Other,Other,ok
Advocates,Advocates,ok
Advocates,Advocates,ok
Advocates,Advocates,ok
Advocates,Research,wrong
Advocates,HPO,wrong
Advocates,HPI,wrong
Advocates,Advocates,ok
HPO,HPO,ok
Other,Advocates,wrong
Advocates,HPO,wrong
Advocates,Advocates,ok
Other,Patient,wrong
HPI,HPI,ok
Advocates,Patient,wrong
HPI,HPI,ok
Other,Other,ok
HPO,Advocates,wrong
HPO,Other,wrong
Advocates,Advocates,ok
Research,Other,wrong
Advocates,Advocates,ok
Research,Research,ok
Other,Other,ok
HPI,HPI,ok
Other,Advocates,wrong
HPI,Patient,wrong
Advocates,Research,wrong
HPI,Advocates,wrong
Other,Other,ok
Other,Other,ok
Advocates,Advocates,ok
HPI,Research,wrong
HPI,Other,wrong
Other,Other,ok
Other,Patient,wrong
Other,Advocates,wrong
Patient,Patient,ok
Other,Other,ok
Advocates,Other,wrong
Other,Other,ok
HPO,HPO,ok
HPO,Other,wrong
Research,Other,wrong
Advocates,Advocates,ok
HPI,HPI,ok
Patient,Other,wrong
Research,Other,wrong
HPO,Advocates,wrong
Other,HPI,wrong
HPI,HPI,ok
HPO,HPO,ok
Research,HPI,wrong
Research,Research,ok
Advocates,HPI,wrong
Advocates,HPO,wrong
Other,Other,ok
Other,Other,ok
HPI,Advocates,wrong
HPI,Advocates,wrong
Other,Other,ok
Advocates,Patient,wrong
HPO,HPO,ok
Advocates,Research,wrong
HPI,HPI,ok
Other,HPO,wrong
HPI,HPI,ok
Other,Other,ok
Other,Other,ok
Other,Other,ok
Research,Research,ok
Research,Research,ok
Advocates,Advocates,ok
Advocates,Advocates,ok
Other,Other,ok
HPO,Other,wrong
HPI,Advocates,wrong
Other,Other,ok
HPO,Other,wrong
HPI,HPI,ok
Research,Research,ok
Other,Advocates,wrong
Other,Patient,wrong
Advocates,Advocates,ok
Other,Other,ok
Patient,Patient,ok
Patient,Advocates,wrong
Advocates,Patient,wrong
Advocates,Advocates,ok
Other,Other,ok
Advocates,Other,wrong
Advocates,Advocates,ok
Patient,Patient,ok
Other,Other,ok
Advocates,Other,wrong
Other,Advocates,wrong
Other,Other,ok
Advocates,Advocates,ok
Research,Other,wrong
Other,Other,ok
HPO,HPO,ok
Research,Research,ok
HPI,Advocates,wrong
Other,Other,ok
Advocates,Advocates,ok
HPI,Other,wrong
Other,Other,ok
Other,Advocates,wrong
Other,Other,ok
Advocates,Advocates,ok
Advocates,Research,wrong
Research,Research,ok
Other,Other,ok
Patient,Advocates,wrong
Advocates,Advocates,ok
Patient,Patient,ok
Advocates,Advocates,ok
Patient,Patient,ok
Other,Patient,wrong
HPI,Patient,wrong
Advocates,Patient,wrong
HPI,Advocates,wrong
HPO,HPO,ok
Advocates,HPI,wrong
Advocates,Advocates,ok
Advocates,Advocates,ok
Patient,Patient,ok
Advocates,Advocates,ok
HPI,Research,wrong
Advocates,HPI,wrong
Other,Other,ok
Other,Other,ok
Other,Advocates,wrong
HPO,HPO,ok
Other,Other,ok
Advocates,Research,wrong
HPI,Other,wrong
Other,Advocates,wrong
Advocates,Advocates,ok
HPO,HPO,ok
Research,Research,ok
Other,Research,wrong
Advocates,Advocates,ok
Advocates,Advocates,ok
HPI,Patient,wrong
Research,Research,ok
Other,Other,ok
Advocates,Patient,wrong
Research,Research,ok
Advocates,Advocates,ok
Advocates,Advocates,ok
Research,Advocates,wrong
Research,HPI,wrong
HPI,Research,wrong
Other,HPO,wrong
HPO,HPI,wrong
Other,Other,ok
Patient,Research,wrong
Patient,Patient,ok
Other,Patient,wrong
Advocates,Advocates,ok
Other,Other,ok
HPI,Advocates,wrong
Research,HPI,wrong
HPI,Research,wrong
Other,Other,ok
Other,Advocates,wrong
Advocates,Advocates,ok
Other,HPI,wrong
Research,HPI,wrong
HPI,Research,wrong
Other,Advocates,wrong
HPO,Other,wrong
Other,Research,wrong
Advocates,HPI,wrong
Other,HPO,wrong
Other,Other,ok
Patient,Advocates,wrong
HPO,HPO,ok
Advocates,Patient,wrong
Advocates,Advocates,ok
Other,Other,ok
Research,HPI,wrong
HPO,HPO,ok
HPO,Other,wrong
Other,Other,ok
Other,HPI,wrong
Advocates,Advocates,ok
HPI,Advocates,wrong
Other,Other,ok
Other,Other,ok
Other,Other,ok
Advocates,Advocates,ok
Other,Other,ok
HPO,Advocates,wrong
Research,Research,ok
Other,Other,ok
HPO,HPO,ok
Other,Other,ok
Advocates,Patient,wrong
Patient,Advocates,wrong
Other,HPI,wrong
Other,Other,ok
Other,Other,ok
Other,Other,ok
Other,Other,ok
Other,Other,ok
Other,Other,ok
HPO,Other,wrong
HPO,Advocates,wrong
HPO,HPO,ok
Advocates,HPO,wrong
Other,Other,ok
HPI,Advocates,wrong
Other,Other,ok
Other,Other,ok
Advocates,HPI,wrong
HPO,HPO,ok
HPO,HPO,ok
Other,Advocates,wrong
Other,Other,ok
Other,Advocates,wrong
Other,Other,ok
Other,Other,ok
Other,Other,ok
Research,Advocates,wrong
Research,Advocates,wrong
Advocates,HPO,wrong
Advocates,Patient,wrong
Patient,Advocates,wrong
Other,HPO,wrong
Advocates,Advocates,ok
Advocates,Advocates,ok
Advocates,Advocates,ok
Other,Advocates,wrong
Research,Advocates,wrong
HPO,Other,wrong
Other,Advocates,wrong
Advocates,Patient,wrong
Research,Advocates,wrong
Advocates,HPO,wrong
HPO,Research,wrong
Research,HPO,wrong
Patient,Patient,ok
Patient,Advocates,wrong
Other,Other,ok
Advocates,HPO,wrong
HPI,Patient,wrong
HPI,Advocates,wrong
Other,Other,ok
Advocates,HPO,wrong
Advocates,HPO,wrong
Advocates,HPI,wrong
Advocates,Patient,wrong
Advocates,Advocates,ok
Advocates,Advocates,ok
Research,Other,wrong
Advocates,Advocates,ok
Other,HPI,wrong
Other,Other,ok
Advocates,HPO,wrong
Advocates,Advocates,ok
HPO,Patient,wrong
Advocates,Advocates,ok
Research,Research,ok
Other,Other,ok
Other,Other,ok
Other,Other,ok
Research,Research,ok
Advocates,Other,wrong
HPI,Other,wrong
Other,Other,ok
Advocates,Patient,wrong
Advocates,Advocates,ok
Advocates,Advocates,ok
Advocates,Advocates,ok
HPO,HPI,wrong
HPI,Other,wrong
Advocates,Other,wrong
HPI,Other,wrong
Patient,Patient,ok
Patient,Advocates,wrong
Patient,Advocates,wrong
Research,HPI,wrong
Advocates,Advocates,ok
HPI,HPI,ok
Advocates,Other,wrong
Research,HPO,wrong
Patient,Patient,ok
Advocates,Other,wrong
Advocates,Patient,wrong
Advocates,Advocates,ok
Research,Other,wrong
Research,Research,ok
Advocates,Advocates,ok
HPI,HPI,ok
Other,Other,ok
HPO,Advocates,wrong
HPO,HPO,ok
Advocates,Advocates,ok
Advocates,Patient,wrong
Advocates,Advocates,ok
Other,Patient,wrong
Other,Advocates,wrong
Advocates,Advocates,ok
Advocates,Advocates,ok
Other,HPO,wrong
Other,Other,ok
Research,Research,ok
Research,Advocates,wrong
Other,Other,ok
Other,Other,ok
Other,Other,ok
Advocates,Advocates,ok
Research,Other,wrong
Advocates,HPI,wrong
Patient,Advocates,wrong
HPO,HPO,ok
Other,Other,ok
Other,Other,ok
Other,Other,ok
Advocates,Other,wrong
Advocates,Advocates,ok
HPI,HPI,ok
Other,Research,wrong
Advocates,Advocates,ok
HPI,Advocates,wrong
Research,Research,ok
Research,HPI,wrong
Advocates,Advocates,ok
Advocates,Advocates,ok
Advocates,Advocates,ok
HPI,Other,wrong
Other,Other,ok
Advocates,Advocates,ok
Other,Other,ok
HPI,HPI,ok
HPI,Research,wrong
Other,Other,ok
Advocates,Research,wrong
Advocates,HPO,wrong
HPO,HPI,wrong
Other,Other,ok
HPO,HPO,ok
Other,Other,ok
Research,HPO,wrong
HPO,Research,wrong
Other,Other,ok
HPI,Other,wrong
HPO,HPI,wrong
Advocates,Research,wrong
Other,Other,ok
Other,Other,ok
Research,Research,ok
HPO,HPI,wrong
Other,Advocates,wrong
Other,HPI,wrong
Advocates,HPO,wrong
Other,Other,ok
Other,Other,ok
Advocates,HPI,wrong
Advocates,Advocates,ok
HPO,Research,wrong
Advocates,Advocates,ok
Advocates,Other,wrong
Other,HPI,wrong
Other,Patient,wrong
Advocates,Advocates,ok
Advocates,Advocates,ok
Patient,Patient,ok
Patient,Advocates,wrong
Research,Research,ok
Other,Other,ok
Other,Other,ok
HPI,Advocates,wrong
Research,HPI,wrong
Patient,Advocates,wrong
HPI,HPI,ok
Research,HPO,wrong
Advocates,Advocates,ok
Research,HPO,wrong
Other,Other,ok
HPI,HPI,ok
Other,Other,ok
HPI,Advocates,wrong
Advocates,HPO,wrong
Advocates,Advocates,ok
Other,Other,ok
HPI,HPO,wrong
HPO,Research,wrong
Research,HPO,wrong
Other,Other,ok
Other,Advocates,wrong
Advocates,Research,wrong
Advocates,HPO,wrong
Other,Other,ok
Research,Research,ok
HPI,HPI,ok
Advocates,Advocates,ok
HPI,Other,wrong
Advocates,Advocates,ok
Other,Advocates,wrong
Other,Other,ok
Research,Research,ok
Research,HPO,wrong
HPI,HPI,ok
Advocates,Advocates,ok
Advocates,Research,wrong
Advocates,HPI,wrong
Research,HPO,wrong
Other,Other,ok
HPO,HPO,ok
HPO,HPO,ok
Other,Advocates,wrong
Other,Other,ok
Other,Other,ok
Other,Other,ok
Other,Advocates,wrong
Patient,Patient,ok
Patient,Other,wrong
HPI,Advocates,wrong
HPO,HPI,wrong
HPO,Advocates,wrong
Other,Other,ok
Advocates,Advocates,ok
Advocates,Patient,wrong
Advocates,Research,wrong
Other,Other,ok
Advocates,HPI,wrong
Other,Other,ok
Other,Other,ok
Other,Advocates,wrong
Advocates,Advocates,ok
Other,Other,ok
Advocates,Advocates,ok
Advocates,Other,wrong
Other,Other,ok
HPO,Other,wrong
Other,Other,ok
HPI,HPI,ok
HPI,Research,wrong
Other,Other,ok
Advocates,Advocates,ok
Advocates,HPO,wrong
Patient,Patient,ok
HPO,HPO,ok
Other,Advocates,wrong
Other,Advocates,wrong
HPI,HPO,wrong
Other,Other,ok
HPO,Other,wrong
Other,Patient,wrong
Other,Advocates,wrong
Advocates,Advocates,ok
Other,Advocates,wrong
Other,Other,ok
Advocates,Advocates,ok
Advocates,Advocates,ok
Research,Patient,wrong
Research,Advocates,wrong
Other,HPO,wrong
Patient,Patient,ok
Patient,Advocates,wrong
HPO,HPO,ok
Other,Advocates,wrong
Other,HPO,wrong
HPO,HPO,ok
Other,Other,ok
Advocates,Other,wrong
Research,Research,ok
Other,Research,wrong
HPO,HPO,ok
Research,Research,ok
Other,HPI,wrong
Other,HPI,wrong
Other,Other,ok
Research,Advocates,wrong
Other,Other,ok
HPI,HPO,wrong
Other,Other,ok
Advocates,Other,wrong
Research,Research,ok
Other,Research,wrong
Advocates,Advocates,ok
Other,HPO,wrong
Advocates,Advocates,ok
Research,Research,ok
HPI,HPI,ok
Other,Advocates,wrong
HPI,Research,wrong
Other,Advocates,wrong
HPO,HPO,ok
Advocates,Other,wrong
Other,Other,ok
Other,Other,ok
HPI,Advocates,wrong
HPI,HPI,ok
Advocates,HPI,wrong
Other,Patient,wrong
Advocates,Advocates,ok
Advocates,Advocates,ok
HPO,Advocates,wrong
HPI,HPI,ok
Research,Other,wrong
Other,Advocates,wrong
Other,Other,ok
Other,Other,ok
Advocates,HPO,wrong
HPO,HPO,ok
HPO,HPI,wrong
Other,Other,ok
Other,Other,ok
HPO,HPO,ok
HPO,HPO,ok
HPI,HPI,ok
Other,Advocates,wrong
Advocates,Advocates,ok
HPO,HPO,ok
Other,Other,ok
Advocates,Patient,wrong
HPO,Other,wrong
Other,Other,ok
Other,Advocates,wrong
HPI,HPI,ok
HPI,HPI,ok
Other,Other,ok
Advocates,Advocates,ok
Advocates,HPO,wrong
Advocates,Other,wrong
Other,Other,ok
Other,Other,ok
Other,Patient,wrong
Patient,Patient,ok
Advocates,HPI,wrong
Advocates,HPI,wrong
Advocates,Advocates,ok
Advocates,Advocates,ok
Other,Advocates,wrong
Advocates,Advocates,ok
HPO,Advocates,wrong
Other,Other,ok
Patient,Advocates,wrong
Other,Other,ok
Other,Other,ok
Advocates,Other,wrong
Other,Other,ok
Advocates,Patient,wrong
Research,Research,ok
Other,HPI,wrong
Other,Other,ok
Other,Other,ok
Advocates,Advocates,ok
Other,Other,ok
Other,Other,ok
Other,Other,ok
Other,Other,ok
Advocates,Other,wrong
Research,Research,ok
Other,Other,ok
Research,Advocates,wrong
Other,Advocates,wrong
Advocates,Other,wrong
HPI,HPI,ok
HPI,Research,wrong
Research,Research,ok
Other,HPI,wrong
Patient,Other,wrong
Advocates,Other,wrong
Research,Research,ok
Advocates,Advocates,ok
Other,HPO,wrong
Patient,Other,wrong
Research,Research,ok
Advocates,HPI,wrong
Research,Research,ok
Other,Patient,wrong
HPI,HPI,ok
Other,Advocates,wrong
Advocates,Advocates,ok
Other,Patient,wrong
Other,Advocates,wrong
Other,Other,ok
Advocates,Advocates,ok
Other,Other,ok
Other,Other,ok
HPI,HPI,ok
HPI,Research,wrong
Advocates,HPO,wrong
Advocates,Advocates,ok
Other,Other,ok
Other,Other,ok
Advocates,Advocates,ok
Advocates,Other,wrong
Other,Other,ok
Advocates,Research,wrong
Other,Other,ok
Advocates,HPO,wrong
Other,Patient,wrong
HPI,HPI,ok
Other,Other,ok
Other,Other,ok
Other,HPI,wrong
Advocates,Patient,wrong
Other,Other,ok
Other,Patient,wrong
Other,Patient,wrong
Other,Patient,wrong
Other,Advocates,wrong
HPO,Other,wrong
Advocates,Patient,wrong
Research,HPI,wrong
Other,Other,ok
Other,Advocates,wrong
Advocates,Advocates,ok
Advocates,Patient,wrong
Advocates,Advocates,ok
Advocates,Research,wrong
HPO,Advocates,wrong
Other,Other,ok
Other,HPI,wrong
Advocates,Advocates,ok
Advocates,Advocates,ok
Other,Other,ok
Other,HPI,wrong
Advocates,Other,wrong
Other,Other,ok
Advocates,Advocates,ok
Advocates,Advocates,ok
Other,Other,ok
HPI,Other,wrong
Advocates,Other,wrong
Other,Other,ok
Research,Research,ok
Other,Other,ok
Advocates,HPI,wrong
Advocates,Research,wrong
Advocates,HPO,wrong
Other,Other,ok
Other,Other,ok
Other,Advocates,wrong
Other,Other,ok
Advocates,HPI,wrong
HPI,HPO,wrong
HPO,HPO,ok
Other,Other,ok
Other,Other,ok
HPO,Other,wrong
Advocates,Advocates,ok
Research,Research,ok
Advocates,Other,wrong
Advocates,Advocates,ok
Advocates,Advocates,ok
Advocates,Other,wrong
Other,Advocates,wrong
Advocates,Advocates,ok
HPI,Research,wrong
Research,Advocates,wrong
Advocates,HPO,wrong
HPI,HPI,ok
Other,Other,ok
HPO,HPO,ok
Other,Other,ok
HPI,Other,wrong
Other,Other,ok
Other,Other,ok
HPI,HPI,ok
Other,Advocates,wrong
Other,Other,ok
Other,Other,ok
Advocates,Other,wrong
HPO,Advocates,wrong
Other,Other,ok
HPO,HPO,ok
HPO,HPI,wrong
Other,Other,ok
Advocates,Patient,wrong
Advocates,Advocates,ok
Advocates,Advocates,ok
Other,Other,ok
HPI,HPO,wrong
HPI,HPI,ok
Other,Patient,wrong
Other,Advocates,wrong
Advocates,Other,wrong
Other,Other,ok
Advocates,Advocates,ok
Other,Other,ok
Advocates,Advocates,ok
HPI,Research,wrong
Other,Patient,wrong
Research,Advocates,wrong
Other,Advocates,wrong
Patient,Advocates,wrong
Advocates,HPO,wrong
Other,Advocates,wrong
Patient,Patient,ok
Other,HPI,wrong
Other,Research,wrong
Advocates,Advocates,ok
Advocates,Other,wrong
HPO,Research,wrong
HPO,HPO,ok
Advocates,Other,wrong
Other,Other,ok
Other,Patient,wrong
Other,Patient,wrong
Other,Advocates,wrong
HPI,HPI,ok
HPI,HPI,ok
HPI,Research,wrong
Other,Other,ok
HPI,HPI,ok
Patient,Other,wrong
Advocates,HPI,wrong
Other,Other,ok
Other,Other,ok
Other,Advocates,wrong
Advocates,Research,wrong
Other,Other,ok
Patient,Research,wrong
Other,Advocates,wrong
Other,Patient,wrong
Other,Advocates,wrong
Patient,Patient,ok
Patient,Advocates,wrong
Other,Other,ok
Other,Other,ok
HPI,HPI,ok
Advocates,Advocates,ok
Advocates,Advocates,ok
Other,Other,ok
HPO,HPI,wrong
Advocates,Advocates,ok
Research,Research,ok
Other,Other,ok
Other,Other,ok
Other,Other,ok
Other,Advocates,wrong
HPO,HPO,ok
Advocates,Advocates,ok
Other,Other,ok
Research,Advocates,wrong
Other,Patient,wrong
Other,Advocates,wrong
Advocates,HPO,wrong
Other,Patient,wrong
Advocates,HPI,wrong
Advocates,Advocates,ok
Other,Other,ok
Other,Advocates,wrong
HPO,HPO,ok
Advocates,Advocates,ok
Other,Advocates,wrong
HPO,Advocates,wrong
Other,Other,ok
Research,Research,ok
Other,Other,ok
Advocates,HPO,wrong
HPO,Research,wrong
Other,Other,ok
Other,Patient,wrong
Advocates,HPO,wrong
HPI,Other,wrong
Other,Advocates,wrong
Advocates,Patient,wrong
Advocates,Advocates,ok
Other,HPO,wrong
Other,Other,ok
Other,Advocates,wrong
Other,Other,ok
Research,Advocates,wrong
Advocates,HPI,wrong
Other,HPI,wrong
Research,HPI,wrong
Research,Research,ok
HPO,HPO,ok
Advocates,HPI,wrong
Other,Other,ok
Other,Other,ok
Other,Advocates,wrong
HPO,HPO,ok
Advocates,Advocates,ok
HPI,HPI,ok
Other,Other,ok
Other,Other,ok
Research,Advocates,wrong
HPI,HPO,wrong
HPI,Other,wrong
Other,Advocates,wrong
Other,HPO,wrong
Other,Other,ok
Other,Advocates,wrong
HPO,Other,wrong
Other,Other,ok
Other,Other,ok
Advocates,Other,wrong
Patient,Patient,ok
Other,Other,ok
Other,HPO,wrong
Other,Advocates,wrong
Other,HPO,wrong
Advocates,Advocates,ok
HPI,Advocates,wrong
Other,HPO,wrong
Other,Other,ok
Advocates,Advocates,ok
Other,Other,ok
Patient,Other,wrong
HPO,HPO,ok
Patient,Other,wrong
Advocates,Research,wrong
Advocates,Advocates,ok
Other,Advocates,wrong
HPO,Advocates,wrong
Other,HPO,wrong
Advocates,Other,wrong
HPO,HPO,ok
Other,HPI,wrong
Advocates,Other,wrong
Patient,Advocates,wrong
Other,Research,wrong
HPO,HPO,ok
Research,Other,wrong
HPI,Other,wrong
Advocates,Advocates,ok
Other,Patient,wrong
Other,Patient,wrong
Other,Other,ok
HPO,HPO,ok
Other,Other,ok
Other,Other,ok
HPI,Other,wrong
Other,Other,ok
Other,Other,ok
Other,Other,ok
HPI,Patient,wrong
Other,HPO,wrong
Advocates,Patient,wrong
Other,Other,ok
Advocates,Other,wrong
Other,Other,ok
Other,Other,ok
Other,Patient,wrong
Advocates,Advocates,ok
Other,Other,ok
Advocates,Research,wrong
Advocates,Advocates,ok
Research,HPI,wrong
Other,Patient,wrong
Advocates,Advocates,ok
Advocates,Patient,wrong
Advocates,Advocates,ok
Advocates,HPO,wrong
Advocates,Other,wrong
HPI,Other,wrong
Patient,Patient,ok
HPI,HPI,ok
Other,Other,ok
HPI,HPI,ok
Other,Other,ok
Other,HPO,wrong
